-46.080123194767225,57.0372745464566,-74.20485880125104,50.5465950867749,37.45711171507247,45.84166440268726,97.10638852728442,-8.097264238134478,88.5296847983262,-27.44858285510191,-37.476728497355495,-30.46094698712826,-47.297082729450324,-25.113104915376127,-30.857798581958388,-64.40572211378165,3.129821262826078,17.705217071653795,16.674440941600455,14.068463246327234,46.88807734228135,6.8878051826174005,17.86031713506777,-51.07384886987063,125.41314816118769,-40.16778615882068,-23.235903276456224,-4.602292803056743,6.830763723423883,-74.99871963429636,11.657845318175434,-80.1687033437203,-51.956849507450784,-12.791696344401341,109.90186273547204,62.84409518469172,-3.7556739174803777,-13.112346683313481,-84.00665621132235,52.345082013445804,26.029072006488335,-44.01236409716358,-22.7030941876686,52.084601628998115,-107.93989226299934,-45.24348244253001,118.15207334015375,46.00266788069608,62.34467872118774,11.896490202724374,0.0
1.032325476467466,1.7107509006167214,0.9966547239725511,0.3412268768808786,0.8070852308197014,-1.433465278518411,-0.2154412447880985,-0.9375828144527878,2.4208206336159632,-6.513677084269878,-0.452336219015671,0.1567494977848445,-0.0004948619025829899,-1.4611710946260221,-1.2616556549776203,-0.13405640864121732,-0.4963662813007883,-2.0718825002574683,-3.8075677256509732,0.20861789306882703,4.246276959082068,-0.07039199063122023,2.3684864714501375,-1.1555797842052726,0.5827657320844907,4.374412301164847,0.8087406103223905,0.24706774180636562,-3.458003739305825,0.09379536348588689,3.6983656547853836,6.142293592053367,1.1996067971768556,2.266324549605566,1.2793315678100516,0.33693258377072116,-2.456139331367555,-1.7568507532795172,0.37495423156936303,0.6661344258364936,2.0559212990784648,-2.320670201235054,-1.1927791039239815,-0.8329588294950419,2.1964489922013115,-0.5917146662637768,-0.49099837960955917,-0.14538008678759268,-1.2406077522727117,1.9736483325868928,1.0
-0.010728405328085902,2.0444289365382295,0.35392784549548356,0.47602383255855774,-1.1300442325275173,0.9738575389165104,0.1335835201247806,-0.14449713980351817,1.399380580823539,4.297347120285558,3.8771619081650313,-3.2896857952523013,-2.1182621898236422,-1.7548325400918658,-0.6387710006483656,2.5053529548414244,-0.35711052650479946,0.6668686830645078,-2.8400743394265575,-0.8217913264422183,2.9321770071223874,-0.613861738433497,2.842218138061823,-2.22098312371856,-0.7757219605113559,-1.8432953928387419,-1.0446492555840345,-5.624282063251049,5.585236711514177,1.2371527149545476,-3.3089241954824313,-0.25489682471194286,0.1550676062994686,-0.8476715425281388,-0.7429690280413472,-0.5456856495050001,-1.8298790306230739,0.10546690601542517,-4.039256531874698,0.5356488043972939,-1.2088550867311474,-0.244202121301629,1.6735620457947689,1.7040990722204263,-0.06902589304937605,-1.6367808863183586,-0.16299665738577981,-1.8665164982345208,-5.043346304753653,-3.932550252950984,1.0
-36.370505312122845,75.94005057538631,4.8796791681009,-20.08956313918535,41.45126992987809,-16.040634384728715,29.234074114145532,-81.009540006088,-11.251770032050494,79.2941193322264,96.45563062503825,-20.368355495719484,-4.320975981677507,-66.49546146261005,67.86735726875679,24.390562480460005,-14.835815543327811,50.26304577764172,-123.04362119250351,-99.49804646718167,57.32853765077679,54.13772216059121,-119.15699647544947,94.97024620134474,77.36592672814803,-95.03028202117727,-59.51255121947388,-13.878253485132232,-23.817056137844645,57.51195606404696,-3.7317638925382295,-30.402299650207844,7.506223062066163,-34.64715030692656,37.56547466573744,9.269346862902056,-45.375287543539606,2.009479234897392,-2.5438139745980455,-97.4984647567621,43.23847953232085,-56.62264479864397,-20.145554494355512,-76.84507194710947,28.732331852211203,94.8040698977187,70.21717011333132,-97.77381950404505,-15.28895602894783,1.5893361196848041,0.0
6.77527350326235,-5.440372217148047,38.127175322914496,-22.58082071664726,-26.73223342884694,-33.89253323899655,-99.35648250451821,15.83499737861282,-14.291894819310562,-47.23330422862584,56.34549530997994,-57.79739921298962,7.390028240194868,55.89427195346965,49.624005306852716,5.2865424311944995,24.547808527727955,-26.811475581862535,127.33205595295986,-66.04297623249927,-34.016107184495546,-14.066799168801346,8.489602539785677,7.666941867072298,81.02511596742997,-27.29935774598824,49.7521113542488,1.4537747521185607,-48.89945918787977,30.03305049135112,36.10014410434864,-69.54025208324083,-11.78733841090866,59.59607637735766,1.471792372926091,30.107455262715096,60.208635837288256,-22.62927955284124,28.701535232997117,44.221986606199266,59.36692934267221,53.034167650822084,25.23391774442089,-127.94002959305261,-36.96120460175487,-37.31872573154965,97.23314936727567,107.83885849420174,-43.047195446140236,-123.72969218583776,0.0
0.8303950596570142,0.5643014871758254,-0.9112002675118013,0.05686711496558127,-0.8885187634877548,-0.9410756810957132,-1.6341088525916254,-0.08882915124673484,2.4027384050496092,-0.7519606095777152,-4.542834860537371,-0.9390264072677329,-1.2163887366922714,-0.9088266131252638,0.8155262663829868,0.42725984808262685,0.31452891525492793,-0.8729320265900113,-0.34711079578476983,1.4333260084558088,-3.4970115997354148,-2.178391671906183,0.734723738644334,-4.339124802403068,1.2592407875559786,-2.0396798129922207,-3.310951566925278,1.7863362131857112,-7.15061451300006,-1.3155025853101943,0.7761175160078263,0.9329530732892732,0.9994730183856307,-1.7547284422966705,-2.4112285778087905,-0.71266117241884,1.6219016499774253,4.11803119819332,-0.32061293738387,4.338887815908596,-0.7603583970943434,0.25367947698367554,0.933986664430808,-0.9625030321781715,0.5723613910884916,-3.0685682350883456,-1.6331464411019325,-2.064267785984817,-1.6102155123921063,0.5856688806654847,1.0
1.200564119530769,1.257698101831571,0.5779973108704789,-1.7554358143791364,1.0247730735374063,-1.7421971434937324,-1.129108740991619,0.07227925728702361,1.7706588334999607,1.5168463972940494,4.443089771102586,-0.3587234119554672,-0.9004985190436364,-1.5203417401435921,2.5437812788182326,-0.5737472527042501,-0.3016206303753307,-1.2386117210566927,-0.3573805859443886,-0.3540228489239806,-2.0462689483086183,0.4343631393347846,4.1207178595366,-1.9778365790982628,0.758815337131109,0.4758272843665367,2.8869784864638657,0.05473901292047859,1.3902315425578902,0.6557322339111141,1.2186783331490574,0.7661855305611828,-1.8904400785465405,-1.6341139732438525,3.6486307783537715,-1.1063119209624563,1.3438791533924854,1.771036362869796,1.6524856507993089,-2.0555459218120387,1.1826898434206392,-1.1138606432546712,-4.30539688393636,1.5087058589831654,1.3047394295829013,3.465698627271728,1.9729081808029985,1.55431888727722,2.258557782065323,-2.068353617938241,1.0
-91.57237331088366,36.905319307053986,-15.974332827804083,32.81178219307518,33.04479804951311,40.634040537087,16.785989614583613,3.321653310799955,-30.01133185291384,15.437841411497665,-60.08123211361948,8.94107893354539,15.903372474979694,-13.92850141063896,-78.12293149632445,17.57610774089371,-12.53379275244173,61.681888930906375,-55.875480679772885,43.67816827555447,137.10183495023702,-20.203318817973454,-108.78173548214421,-11.93247949610872,157.01252709715516,27.53096823952272,69.79075052503129,-18.7498823259272,-3.282879016181367,-19.024968323411,86.81056580872557,58.145418271187296,57.51453340111536,-6.311099082360553,28.249334508092403,2.8299719346873027,-48.38360110475857,10.52562534436677,-44.45259081512123,87.80323135719635,74.36653284152757,37.66762902925917,33.44676760331567,10.645005819359943,32.73076223920889,-63.04650521581006,-37.61624392363729,4.324053109623432,161.0508997605933,15.269092633144899,0.0
-5.488616202799845,-3.7489360329849974,1.3420954218476195,-0.1176623988776764,-0.645597862218837,0.7930216615508766,-1.7591242335685175,-0.4479494749349542,-0.1429887709368447,0.8449979141790604,3.051893330074315,1.6925496264917552,0.32499371330562943,-0.27492291056190743,-0.13300025445609723,2.8029045328100533,0.9077457635907441,-3.9535889827053174,-0.019027388723720184,-2.2092019318238827,0.08574706183095795,3.163949797403579,0.4488728741644221,-1.8801241423450903,0.4376690148297959,0.26718539164985666,0.6960771809625356,-1.0538760732685526,-0.841639180401165,-0.39369844537028004,3.0139057544502568,-2.3210029693499608,0.5508135324703212,0.30444530430111266,2.9447130521356657,1.2016278390360626,-1.245388628934973,-0.7247936819020478,-0.2614000613112833,1.2833369252433215,0.7422688874231167,-0.21059665434958894,0.8774853407371004,-0.44916888031505137,0.5624750654911765,3.287105591876311,-0.1942683814123361,0.9054574388458682,3.452239617984401,-1.2516006397494082,1.0
-66.03035352677513,-68.10274537502869,7.576220328480014,-10.383197236542074,-28.87076756618956,29.232261211114764,-39.01599233835016,51.9377029457508,-78.87961368658519,10.706240077456123,-101.02071293647987,-74.0235953530869,25.019190806604385,-121.69045159106055,17.7372130366016,25.15005772282235,74.33873971696185,-54.86777157627502,44.844534459233174,1.096607274869041,43.097300605396924,24.278849150478514,56.48714697429561,29.21948176141892,-39.26804759109843,-51.28665905801209,-7.155006117396728,44.6487632130743,103.81392939666634,150.91836682335227,2.271959328353203,-25.572174715180367,-130.46926368524575,-80.00719422807536,38.81925038429443,-33.34309022674316,-81.6052992173438,-96.56599429230617,-76.88619706105581,-8.93822669636043,-97.45229851386718,-110.62670473253463,-14.277959453203998,-0.2528921512767903,33.956576377931,-34.81939704949008,4.34627003129442,-72.32163485342812,-21.886759726529277,-93.90559000139481,0.0
71.86763090857036,-20.320604615251856,4.4066858226578915,14.483456746544723,-45.20635331808095,79.76029270329386,-67.13751049333518,-0.49966759007980976,-13.135383392454784,89.99358810016793,27.835064999711697,51.5638980400005,28.087670194799422,-31.848787488194162,-76.50415533965828,-15.795277090024008,17.188734403693466,108.91934192860582,2.8815807925395758,-8.38646638501084,75.97378469594734,-30.87485311577151,-45.80000412793079,-44.25054863842622,-46.924932366958956,-12.488995320441736,120.44748321737771,5.5387577596816975,82.15618516331047,5.384035831047162,51.06592631806541,80.30466376636718,35.297642307261235,-38.325166923265655,36.58501826592258,93.74849788696386,17.84719567465441,29.978972926993876,47.324552909418436,-21.6832866571021,108.20290949923786,2.4851120380299876,-20.83767900430873,-30.04264608556379,29.336493561893278,99.83897544561701,127.11430300914215,77.36544639989172,79.29126578808336,83.07402493480667,0.0
111.11049925228029,-2.038662026984217,23.859121764144803,-26.66963497274042,45.24814790416161,-49.81201309390708,58.31909765135839,-33.96860006342918,-8.95835829312034,-83.22561086787736,12.56538606445151,-91.828047330008,42.13315062943419,-52.181087044805345,48.532385486065394,47.95002042998639,9.417332714512423,-7.686169508288546,20.98332469735636,15.240349709544837,65.13376347059568,-36.985789307352626,42.91533658215662,32.68879806494389,91.26755412618449,106.95601529324622,31.24235543778235,-22.601889959066554,123.73085205819137,-43.05450308897454,-19.315772576127234,-1.9517677406727285,57.20751864110631,116.55973033876433,31.285694453423666,-34.80918320487693,88.42397634212304,16.54283721543053,76.33252767968229,21.490005805217987,-120.12905966847202,-29.8442797241115,-5.2389205809173855,35.74587951951192,-25.689837207260425,20.185706265909285,16.02303677752035,-48.01595689204387,-22.75474486566544,17.410839427556056,0.0
13.971551733413264,54.39076048606593,18.61257911013066,-22.259902690112128,-13.334186187795591,-13.180953509727818,-13.089638555526466,-16.46640230257717,-11.966911795784354,-56.259212715415366,-112.95903255842056,-153.35749952441734,-24.210424241910957,-49.165155626165486,5.412079919776187,31.70268516328164,-8.837014214153069,87.59796266763462,-27.7649364813551,7.858056255649593,11.393702816328549,38.325690955637185,0.8256946705420172,-2.964344186368308,88.39498020846703,-5.469956723961369,72.97247727518217,-28.581750474889603,-78.37055385590236,28.433559420474424,-59.10073779559893,49.71415321678954,7.014565640450069,-20.3573627530829,-0.6282547569168119,-17.031626017305573,-19.830677488358678,-57.18924042591549,-49.1513571909136,-19.29278017895922,26.608044179519705,-26.601575070483243,10.840082214341237,29.822418997522533,42.20875137388397,52.15703362314821,92.02653170883933,6.968615791922215,-57.99419561797724,17.229639817274418,0.0
-0.3809691437398399,-3.115103824993758,0.4870886400603394,-1.4809007158605973,-0.028743590824382284,0.9848011657353674,-0.8434313304391085,0.5854963151524768,-1.5181979037827127,-1.3735290510744427,-0.1949643189527717,2.2206303559476126,-0.8579849288394721,-0.8394715894400059,0.4523659184980959,2.8611454046791653,-0.25315332236734306,-4.108008403779984,5.061636765752154,-0.01142104843377661,-0.9640256413779361,-0.6107189681236334,0.5997152975166581,0.4543533042174824,-0.44401733432375107,-2.388678104298984,-1.9048099023028622,0.6785645797945308,10.682025708164424,0.7169235299088184,-4.944871031192787,1.420768058285576,-0.28188399128656483,-1.7307584866910999,2.247975132087644,1.8489508007286526,-2.4311197480167412,2.736843293572332,-1.2445719105364512,0.7984944801095998,1.2038697457509027,-0.5292493407798268,0.09076780191738115,-3.8266377185074534,3.0151335706470843,0.16601470361027004,0.7208605872944537,0.05826471690618419,0.09210376031450372,0.4004035695295449,1.0
-1.1226603477854504,-0.1790797270132563,1.1624302573587089,-0.9263367434597398,-2.4133729308358287,0.6925369914388727,4.3840663077874344,-0.2990489656523993,1.0346145772386381,0.5797312799611336,-0.9581251693455334,1.254220681773378,-0.46822349623434056,-0.09527677563450443,-0.5537728421581019,-0.05774555786429257,1.8821935608088476,-1.787447152647503,1.924518210483382,3.7155941212600196,1.996905941629209,-1.436949112655917,0.9590503680000001,-1.493576802750003,-0.014624005728362212,3.099410833885471,-0.14735752436801677,-2.817506730473434,3.2705134147627755,-1.1072213255463226,-2.076587982163,-0.807508427938793,-0.48749442093033846,-2.1393330754965807,3.194128510923337,-1.762464205452282,-0.8680117477058021,-3.265202325126414,1.4046511303813312,6.541463041999152,-0.070974283130899,0.4533227697134148,3.9751658022070337,0.008880568530458889,0.09310435063038944,-6.959195715340151,0.06768203446671005,0.14347131058209744,-0.3142079474154736,5.070069505866865,1.0
105.00221576165389,18.67657673376844,-43.574073388841576,15.465108910700316,11.587271380625634,-22.216079066125253,-68.41292435077185,-14.971987184727487,54.485293318616,28.901165034233124,-66.3203956505731,36.54237343921378,67.58971491484216,-16.811503861649445,9.394332777124562,-29.791344918563194,40.539426672599355,-39.904109463315656,22.64206816925499,-17.763990668891726,-5.782920471563372,16.876504023961047,57.82650847810768,-10.284455662088758,63.110202800860705,-34.94268733936899,56.48719077054214,-23.141758279109965,-7.990383377112793,75.2117439226893,6.0810050572601995,19.014826553816878,21.422552523880675,-96.91541849639677,11.22842417381844,67.94503893547481,-3.9648996651163304,1.475954768259873,-19.60133080648018,49.618357299591985,2.5650153945109855,44.69101986649353,27.563661672013318,-37.35329447062604,-41.238086229181576,71.00577673931772,59.43988686947482,117.35325643861934,-41.6187718766698,-76.63083238597974,0.0
-1.2815621402485182,-0.08798838225421331,0.3739108430853447,0.5569601380382663,-0.9249301580017595,1.222074649957803,5.373985462405251,-2.723414679328225,2.5884593046067734,-2.7386535956845885,4.5758071053202105,2.9738960365077767,-1.4369081354494646,-4.8600862409577665,-0.04725858547607971,-1.6318917704634346,-1.5726621534986849,-2.4037101603832136,2.5710173713481996,0.15644229763965906,1.0052412104438766,-1.86039684811423,-0.7571606910166977,-0.45555544843931073,-0.3720458405648291,3.0473189685361914,-1.5443049319847173,-0.45411511676062966,0.3275187732139502,0.19684617214594016,-1.6974688947902499,1.2433383985075703,0.041674126884868046,1.399632017505916,1.5644534411898003,-1.8668753897601318,1.21185368818051,5.851830956652955,-5.233672136385403,0.10085294557224607,0.1327797429911671,-0.6130148977233058,-0.7075718398792656,1.068951023722413,-0.5186921049279418,-8.42886716164295,-1.9823351947450436,1.873862290048619,6.4501672765827,-1.7651841709755913,1.0
-1.822715681431281,4.513795331291821,-1.554230329833854,-2.131947860904956,0.7826650502613981,-2.4207108245364757,-0.985933073391407,-0.30711252650154464,-0.8525211282423445,1.525949705025103,-0.6878284436356982,2.745300458491117,0.940695355184703,1.6312969946464815,0.6371963041466573,3.561662788421788,1.3242207491415379,-1.3721821252709374,0.7714393060816875,-1.3580167701603372,-1.0121677931458462,0.9613935771980372,3.7976153531197028,0.46998746673323666,-0.5788456891380451,3.0679631110037766,-2.66588095469486,-1.5374489341029745,-2.1339058948732323,-0.6366521471874442,0.7106719785203202,1.9746844921753322,-0.9891224643732994,-0.16650051169615815,4.585396494227906,-0.6256569882035636,-1.0704225536245255,-3.110310696785846,2.6096474696725775,0.2477591527931994,-2.28652934384757,0.8735651659868121,2.280859827276316,4.414516630083563,-1.5311569460110956,-2.147462375664879,0.6814727790051491,1.293867791145699,2.6492729324107804,1.506591999485291,1.0
12.133231106657302,-95.06125255629904,-38.353781339916246,69.16381082140944,36.827373966782204,29.614739421910564,-23.76785936195168,-11.508341886843745,1.88864019039391,-76.38194296373291,-96.61174719927806,32.78326191568227,-29.483095364336197,12.48002848583159,-43.05032232978497,24.794105098020104,41.500731549123174,-50.07031585318381,50.737148761633925,5.8680059644152855,-44.79211397551785,-131.26661642035418,-16.860344112749075,40.20240451466209,66.30253637703262,-61.87024323224418,-101.98096559915973,5.087994326990586,12.23310553454931,-26.17629169058851,3.012081299726877,12.346772380532048,47.23246014632291,15.455486241936496,32.17906356918026,17.94855628487596,-102.15271550477645,-43.46473948813389,-4.95629450143119,36.51941383123751,-114.75621221235593,-12.8514918916208,41.723553977937144,25.761285801032436,126.38866049716418,-29.21666592157278,-16.493457077332895,61.588612736671735,108.9831059943151,-22.765468498722257,0.0
-47.69933703557001,50.323934524641516,16.083925029285496,64.8762832954198,85.94356640556404,62.86887368150619,10.056594881994306,-78.63794806747666,14.17672471559869,7.571334674675906,-23.657954888519658,102.56900455687004,-10.922803610490195,-19.608972635951183,-41.71010216719934,-123.33136769418671,-33.16331069503697,13.587912213500111,-142.60038737265785,-166.90098943576712,63.39204792649359,11.690097582027532,-46.22319745658673,-44.16773718061228,-14.94269916666627,-60.029215946024756,40.595297773778526,-76.74267114947745,23.017458054394165,28.64741336824671,63.40902489759168,65.12469179272789,-52.29185895160712,22.730407515919055,78.061587477281,-13.847681976226047,41.374152522980204,64.39543215175958,-103.22195541342545,36.15475223788758,-6.305673954099879,-102.70554212159874,-47.96025955602289,-20.03657737168128,-142.34587759866176,1.1245767837288594,41.959176015835276,-45.516267497751386,-6.235239371938349,48.21692450551347,0.0
0.04228863900115864,-2.471397032199826,-0.6952238439428703,0.2233066332872095,-2.0590016918689478,0.5170769121804935,-0.6145031143016462,-1.4856886502007312,0.08130789322449744,-2.0654191945532947,-4.352600862369498,-2.2062738213987294,2.347145642749865,3.1731343227665794,-0.08135372894414794,0.3952037962650276,0.4004581715229154,3.2617054242734644,-0.4736243830237376,-0.39258483389964494,1.8878576499931246,0.07032572343332787,1.0159804427662023,5.150852511742756,0.7530177018843204,3.5434500604668244,0.5511543342094407,4.365922859856945,-2.5030886147728566,-0.32059328587242364,5.990761992819819,0.4995022800462293,-1.7773353661840297,0.7010565052086469,-0.7923301198920905,1.462098818488944,-2.163922594836057,1.9083146595444025,0.10594627481158332,3.666361078524845,-0.6572997393951547,1.8109620360646805,3.8054911387173425,3.664018089032055,2.219513005154571,2.403451304872228,-0.3009444798026108,-2.274124400932314,3.1718781885931997,4.88696195101074,1.0
-1.5348337159612457,4.974236681623505,-1.0874293039931007,-0.8166010757869586,-0.20341685154427439,-1.2416263971332657,-2.3461348194041443,-0.5956317649134062,2.404236074453023,-0.6943371464535644,2.545637688251465,0.29596015320600927,1.1816984084909519,4.547030583863089,-0.11549353363864615,-2.2723192084977017,0.48836348421697456,0.37320464717132945,-0.7170883224220478,-1.3418160342159284,1.9855518622216246,-0.7465587723638176,3.476916406231299,-0.3463391234727077,0.8621161991060973,-1.0624915582589258,-1.3831126309399262,-0.24185490019670386,0.40803332631186506,-0.9876410531968673,6.04935166571469,-0.7797976158102408,0.12261327722610224,1.040571252795886,3.526734630139879,0.8649874000302811,-4.441662408513537,-2.4044656624914618,-0.4332105635121392,3.148253680942383,-0.9984144080181349,1.897867565892683,-0.08898804729801839,2.963932307188535,-0.4829960652135447,1.3936590567263993,-3.0782894895613495,-1.9856553115753477,0.101170681379181,2.6494760052133683,1.0
-10.795910676781128,-50.010252105395196,28.489982032129745,-70.62570941673509,94.07650688091842,11.294226237860114,-49.69992632301913,23.04673822936911,-45.04764496985238,-129.17845091314476,51.13580598751176,-73.01200970577136,-39.86512486578502,71.1581496646757,-23.76986425801674,64.33323540864725,-90.7240501154663,-43.74582957551897,-78.77961126090307,-3.78319440284352,-38.43045035203668,24.129889855474723,-22.3078903959319,-42.14185014701304,53.41067755858414,80.92014703511705,0.2550528219112551,-25.371223187407047,17.446449069351132,-34.5945692181138,-77.7605497444443,-55.12991056597315,1.121740734044723,-19.94623008742829,18.516646786345653,11.812070757099743,-11.653300368911424,-35.505554635687304,-3.9961447965859707,29.35404623297716,56.52102822972157,31.791980278643727,28.50463367481668,39.020894926235286,19.969155557248076,10.363991050262708,173.59455651796839,-30.587394308882907,45.96952541769142,30.197069349928025,0.0
-2.2722153606824116,-0.33833742296254654,-1.564381670116494,-1.3940676828764846,-1.0111599797553126,-1.8731196714734315,2.7494300797692124,-0.9984241423072954,-2.2097287429523647,0.339077501499044,0.39993612538490597,1.2508914101603659,1.9024384345275929,2.2222613869074217,-0.3212579391891923,1.4212788738172406,0.5129640218356285,2.079216570069631,-1.4025065013842457,-2.6243223566119784,0.6328358489298086,1.4262686852903508,-1.9339913947143401,-3.1625219008466123,0.08663235294440744,-0.3542578085130184,-0.03856559320957379,-1.9947967438077894,-2.6155697315396504,0.5784393504740812,0.6532720051551943,-1.490142484511367,0.048032604444746996,0.7345635302648795,1.967641917467044,0.11197034804399723,2.139556496074947,1.9119740921039943,1.5901667163303546,-0.3071739951121861,1.4710819084121196,-1.1967923348114329,-3.154606839297693,3.2570344337061528,0.9154993119598202,-0.7789552584929827,3.6656977271801243,-0.8850061640330882,0.304343649337372,-3.983900179180833,1.0
2.884594253203123,-1.381059094307201,-0.6720345174774759,0.45237925527107115,1.8663554214653677,-0.59049499598366,3.4110829997062573,1.1150464424639275,2.6700813974142186,-0.06684493105058219,1.8508832207957433,-0.19830581485704135,-1.5624771957331753,1.6531229620005117,-1.4577804833226564,2.4793208091123775,-1.9180837632900753,-1.3447106035870897,0.09983946538059886,-0.29949946618726797,4.841872281761926,1.0545076452230635,-2.2115063219038795,-2.609739893821165,-0.26742105662162546,2.277482023702463,-2.293084232362384,-1.2381957098837275,0.30135820969698673,0.6525082759679701,-7.163760604228902,0.14247991651839234,0.5245103766263405,0.6139082615706323,-1.584217117895977,0.8602288940375317,0.9112354240889255,-1.6692430785265997,4.435552671444734,2.425881322088799,-1.3127249169496369,-1.6793376836777287,-4.849496730155914,0.8365237815575666,1.595621746398209,-1.0306004217715705,-2.573430713421937,0.6098037373931282,-1.6596688237851314,0.5961715361042551,1.0
-5.7340256249552,-44.20373761845902,63.15525255792598,37.794483343997044,43.00141619171262,6.232969014129131,-1.6668091867570451,124.01593208030981,33.98525023059085,50.81379885735454,-91.26163315068945,-49.24409049040179,-23.355790678942505,28.70041888130291,10.104390835590223,-85.25960739422202,-37.227995065765775,-90.46490795608375,-1.7187026231577915,-53.31817064859297,-10.170318783236343,-0.7211936776273503,24.465961996865836,20.64880688047836,74.26713014355948,-0.17250147751738734,-26.133850056513133,65.928389272335,76.24678530647401,83.57729912872043,134.28248384780173,-74.51805227361673,15.806071080241237,18.047284313795867,-49.01964125953264,49.21718960553375,-54.6780575078124,64.24899731314744,30.0902772862677,39.033490229876406,-64.00185326795231,53.63439505508829,137.6095994800084,8.792725662776263,39.77417715824027,13.760819843740213,102.21156386548799,-0.6863489544999122,-36.332336378286044,23.20716691873369,0.0
-74.58413497807102,-49.95020773732395,-6.941189193896121,7.965067249132104,-17.386870567898733,13.398166792750262,9.667944288200452,129.4967031597975,19.358786456726516,55.39414543616409,-56.97691684916089,141.85695119725042,20.002234391962524,12.987418342378339,40.28324645090898,26.90098192311948,20.46238544483802,-87.46607023555697,-2.486508976531977,-38.70403854772515,-8.207718802820128,36.783607118846334,-26.160136984234114,38.136162550705244,-33.14766064041022,62.12727407411432,-17.279704527496406,49.82641069555423,-1.233474912870969,114.15186370825325,-29.6238889411697,8.326868681012986,-14.0486971664485,-20.727247139770885,-25.629363340732844,-30.851901625111573,18.255339060863648,-50.298255222384554,86.76191426835153,152.2696460132742,45.705344671223955,52.32897552037489,-51.44109250098529,53.15972513568023,-70.33730216437726,-1.6372598267635465,6.00037127263107,-87.42808174851936,23.453221561730615,-96.82968976567709,0.0
3.0878168928777057,-2.5265815117044763,0.47822034541905134,-0.43027142442632754,0.2534925039935971,0.08055698803606681,2.393939349836153,-2.18936227765262,-3.5170248284998555,-2.240031168876225,0.017279982855930742,4.231842729872813,1.2415149565079442,1.7819716789396267,0.276668914950701,0.900504245979437,-0.2325950505798529,3.374679218804434,0.24569520513851265,-0.8444743441408545,-2.2008305755007394,-4.958317126074206,3.1695167018706094,-2.8139670136107138,0.6808470941928159,-0.4056344434554353,0.7996825549406236,3.2333267533329724,4.448199637169731,1.316364957322052,1.3629363768805827,3.4797922052276267,0.9490799895293637,0.13246793224714598,-3.9970513047605802,-2.2569044154500046,4.020807139805854,-0.3264518767255487,3.8500601020787344,-0.6656883914667331,-1.0451993230244756,0.9620513593918406,1.230279376445154,-2.98430803193325,-1.442679990157936,-3.1358886998045463,3.6344748881206383,1.294471297049634,-0.8455897302051117,-0.8794350229196409,1.0
0.5631909585755552,-1.4631526391758412,0.33361290362317364,-1.0066402408054687,-1.0894082264813187,-1.3483037065003336,3.623762276990002,0.1244813441089591,-2.3527400610398472,-0.24576177384764322,-3.1187768785102437,-0.4078973278231289,-0.13748245507042492,0.5123209971555951,0.4471211257732809,-0.19844591623409977,-0.15277108780224008,0.97139366437499,0.2003052672171919,-0.7321909760942055,-5.084602882111727,1.178855941268466,0.22078147707786666,-4.014951862279696,-2.7267865766156434,-2.2807610671769067,5.32363638612584,-2.3770038735621792,1.5517738877720015,-0.6135375850865536,-1.248178761293239,-3.110116529415151,-0.03359715093648908,-0.09181297517895784,-1.4837143972286648,0.4024486937252865,2.675702406570722,-0.5391838300735441,-2.4345910301400564,0.20046794883224783,-0.730877721337499,1.8126976126210383,2.907794769872918,1.8371861741162587,0.7705269681898036,-3.6722694715148103,-1.0465012571864136,-1.3562034709023398,0.053462020409486076,-2.1727053291140193,1.0
-23.684956414570948,22.891076332928378,28.51288059780859,0.8803413265597617,2.8716633604506914,-96.31326389996525,18.71028981230357,-16.745416917585896,-68.95362196305938,73.45215895048808,-5.652673361381348,38.68391527576683,-5.910558466070226,44.432596344143995,86.74392444019182,47.10884626127899,85.12578279489334,60.99470380723231,64.80062389783478,3.0900156150650746,36.63944260994607,-30.931705509163365,-22.36935942354239,42.71857796349457,40.946803151348576,24.725286120077726,-60.16129909877131,41.541766124929765,-24.754880277567143,70.39676922498931,109.19057458977355,-5.627900349853039,-21.363282032447962,10.349427816197387,-7.675354152976559,-57.914300341040814,-68.85749291035089,-40.58217522287493,81.84801967122574,21.28086608647321,-89.58318056343748,-41.23784769081808,-23.20152250850681,11.068226354108365,-57.38465741562191,46.062917464796655,-51.255999729532256,-66.84943498492606,-20.112448792537513,-5.076490717577834,0.0
-1.8138353194952923,-1.271844394615631,-2.6143621547353995,-1.0078029628772307,0.3661903920102471,2.705343919669576,-2.8214421535447713,-1.6036021398734943,-1.6442929152923837,-3.1548864106831283,1.1145400873247426,-0.9782338112823158,3.7242627086329074,0.26451080288795475,-0.6394669338890873,1.8868557377668775,0.9144944487152036,-0.9288566349925189,3.2604607244992794,0.7442564316211793,1.6051095315112163,-0.5569688397700474,1.4778051504230152,-1.0046181778787153,1.3449796699525238,1.0894075497562499,1.442687908607792,-4.5676879329211735,-2.080065263700086,-1.4264263595965023,-0.6160844840705278,-0.6230829706438159,0.12305955083810186,1.2963046591741967,2.165329169809861,0.03586687945063504,5.28359498220575,1.5731711814708769,0.40581159002679845,2.564833466449428,0.5152553622752672,0.19703794510960432,5.117224023953984,1.208291872050735,2.1744155774584804,-3.4676669778253237,0.7528412020342824,-1.9247482671186402,-2.6478915752898637,0.9500356991411969,1.0
34.33747681674373,32.92096568989195,-64.73803099119041,30.106100166792164,-94.35993475252685,7.0518029064622425,8.861718097242605,94.24591679975296,70.20873097048738,102.98089063588853,-8.629536775812767,-7.11012045975191,-1.395129691891818,-0.46110154985064716,2.705715216138767,7.04092498783189,-33.73978549562311,2.7033026951584467,19.444913472745192,5.98095703997876,-14.078212450283921,-35.661783171523105,0.36206171481431154,65.61198096419258,20.666804258749085,-13.04022811618413,66.6470461910178,8.295540911516662,-37.059970527700905,63.74837812192521,-73.30447181143943,18.280904256645066,4.342805838022684,-43.47313447712408,8.279421253811602,-43.140892792622125,39.86700348213064,67.70375980793777,-84.82912589897646,-59.99680104669708,2.4505163637531195,-83.20815021426804,9.562024205708283,20.772009104069788,31.119694511452085,76.37331352356567,46.44415023286356,21.52403150200702,-9.257446982921586,24.724103418421524,0.0
-23.469958963120114,-59.450938183366745,17.370838649765826,39.891043018527334,29.747555788228496,-4.869876978234905,-4.836984946467007,-114.23276867082991,49.37127007908992,17.195332742142718,-62.02981891293063,26.87033905206524,36.45635019251711,-21.76235658255259,-27.780653698258554,90.19623847850512,-3.1860576221691495,48.81369696497587,92.3400530556622,77.50849101289111,-5.0503621312755,13.21906682414743,-19.59196134071781,42.340145805859244,-87.50140744239539,14.107726956735016,16.38439676876048,48.79767278325056,-18.99847480246106,-55.07236629774979,-85.87612791888662,-15.265016793735848,11.94217704354,14.160519242872994,-38.98243918329386,56.11426706836126,-17.041126935809185,116.0216244595874,-57.162871240641806,89.26155352760514,-42.837404938185806,-16.44081849951496,35.57366839317292,-89.96111845505862,8.300962216185262,-76.74695509239572,-28.044215306061517,-72.65669330761428,36.7680221157278,-62.216812605698635,0.0
20.281997303884594,8.225062653334605,-82.02192130356858,-5.566488848627768,-86.52685773575024,13.370691933197412,-15.5910129795508,15.626445104594449,110.92195703104352,66.70095977363276,21.07286511602385,83.78573715379923,31.690901346637972,82.88286337409203,-25.63656299090532,1.180583073112338,-101.71595651506334,47.44650063131075,-29.631275332862703,-48.19929317539447,85.76529657174706,-59.25712557306609,-7.110614693718947,8.616955667095274,-98.56485084294086,-64.06894942993748,-3.7087252717632433,13.192646212226355,-60.786033752024416,-69.77099680609355,4.360597719970535,-2.984261824393249,40.886373174537255,-7.498271204825754,94.98004510278334,58.43587566797719,41.11725063629845,-2.2930447694423477,-6.312491903955699,48.939446031743536,7.573976873600145,63.155490424781455,39.76348916397891,-32.663086361558584,10.83324308957932,-40.35101639898342,57.851960811069375,-47.49675015677151,42.872347541606395,-22.308056491340086,0.0
92.52047487537625,-44.09138980665042,5.201916585355929,-28.38815216544465,-18.531268353347517,-48.034667431044866,-77.85770171130945,-109.79637959366862,-27.98275947701157,14.741773985733897,-7.88692525998087,-90.41975528305626,-5.654808071724324,37.13317114421759,42.803731767994094,37.22704450338835,-26.31045237159878,71.41766528685581,-5.660046900781803,109.53663745625057,-79.71235794191844,-65.60006954231085,-70.07281629486536,29.175335639053284,63.161092127239506,53.54389693315366,-67.86681740775536,-3.7247023269302137,18.96386096493493,-12.053493478331106,-20.371037319338537,33.591603668228295,-3.1327333279706284,18.746239073597422,30.725264782223462,-37.39297318678697,31.80971265429183,-11.033613445972318,24.435653933101182,37.37587749382446,-0.4135803489182666,-26.671280380699862,68.91487644965633,27.072672403275536,-12.978366687330691,131.77126589609426,91.24338480303324,-20.727479006083644,44.89376765109323,-7.826857007012728,0.0
-37.961366494804814,111.68901887554723,-39.97149811935195,16.184355206185963,-114.79111425883266,99.3568778481553,54.06171404222743,-41.59312779418939,73.23071988497908,-55.54935493319129,43.21587523711443,36.06261557277171,-24.99417823579018,-19.21446194798479,-15.781359943716351,15.660678446672271,-14.409229066170045,91.08690385112091,-25.21530653527254,-87.40506784923272,13.830467992898335,-32.49253872946778,3.840463167356163,12.4566005406164,-11.84440174261871,-40.3254593004492,-24.13446886186746,9.111185805789844,38.52866498565539,-62.77806518721674,28.203901401405595,29.636684265406785,7.366605555553406,36.79500512740752,-39.8630072069688,-57.16512611725512,-10.72397375754477,7.053734341962215,50.96016469528234,12.934125685528809,0.3384108064028858,111.06088488341813,42.17763232751932,18.20702371718386,-8.948965762132048,-32.68789966523303,-33.845395436843894,-22.40849939087912,17.561538141449795,29.01941349760627,0.0
-66.25380977485038,-3.6714957526088092,-23.7477317142347,-18.14813172707864,-61.339267957189925,-52.7508356796379,-3.119377144482765,79.22412654176964,26.864538177490225,50.826373723524256,50.21417964845675,-19.164264140244327,28.855431622754708,23.416367933089752,-49.68116235881689,-92.538616831746,101.4958803985136,76.48219496198635,-96.96116091905395,-68.76566941024939,15.127116232796059,76.64044087221377,106.019179673412,36.62574566532026,-86.8059844092947,-49.05848226014848,22.380891662749466,0.5945264552284707,-36.7449992475953,23.41526532979907,96.32469986783244,15.400415893043906,55.396125819776,-24.61654042807063,31.312349180340536,-15.408850103292695,-35.10552386326087,118.05284647296139,-40.85211428087134,-11.805867475388428,-50.97890582368183,76.51431727028483,-19.45652550376215,-32.505113656605026,2.8497916472535874,12.470217766818873,2.041392156050436,-37.93154093127052,42.06229524714465,-62.40971769109822,0.0
-65.73596444536625,-17.056972405398255,20.658196500438926,-40.02345275988489,-53.94603115865857,-93.59671546817992,-33.01745643749438,10.69979408734788,102.89103701094552,-89.0854982574006,1.7034784436869645,9.714367233109334,-1.2708572365375517,41.1887093963267,44.121965031776334,21.015994452704593,85.59707009242689,45.52469804473864,50.393684608260365,-20.33997614331561,-27.638480624348453,56.85546765634943,-11.464242224053143,-88.9280943161231,-133.02297019368177,155.89983164194047,26.556179983233395,24.900126178635787,-25.20891112914581,60.71993004714324,17.510681803625157,14.803844816241314,-112.34136107373429,26.523908014526913,-24.373484272552496,9.621598945623735,75.73384202520111,98.50726429146633,8.741978204460061,30.5375037402303,86.91357284640192,57.21676248822643,-15.299500196535385,63.00301589912276,-33.016439043703954,77.95314708291887,41.605109446450726,-135.53834694365867,93.99527841140471,-83.42762359243744,0.0
-1.4212080030767744,1.9555847438474827,0.14583569115735484,2.275498908778072,-2.1581184990885687,1.634111861256794,1.2384455935977894,-2.8524577199443857,5.1364745711563335,4.430002401461326,3.435090543989565,-1.0549039597516,-1.5705573047653902,-2.0725500116502236,-0.6778959555195284,-2.0717651403712485,0.3399498603799261,0.09424580788997812,0.5794443305134829,-1.7123333727189178,-0.9841579588593368,1.5106177277551778,2.2205627142653834,-1.2862959386224098,0.11905296126905586,-1.885871115135352,-0.47176529419606406,0.4965269688907416,-0.05105288088498203,0.42076949235132993,0.877356055358268,-0.874346820140989,0.0607309521711829,3.525342476923011,-3.2006202749393715,-0.06846103780774478,0.45800057726611476,-2.4802593194928457,-1.6854378157981635,1.323263529407024,-0.9642856477326356,-0.14480590672108928,0.9161501626589535,0.16369385116908838,0.5326636683937819,0.6943203798286027,0.25161194271566295,1.4592254164931895,-0.3236114758542627,-2.490850207806107,1.0
-26.55815478922056,46.086195613655654,-24.848193567553917,-37.440130821199716,105.5591143506385,27.761419756624885,47.549874909525165,-27.68552430704815,16.910959712388433,74.9078217896055,19.093049316352182,-10.093631171225834,3.604564826420964,-22.22744844294717,-23.041439685811234,83.88419868221624,-90.28544212353479,121.02458390147382,-68.85097093709811,47.637164576022,-28.65793337186137,46.04550790292855,-43.730305242836124,-4.826767977685104,36.14464592758915,-35.36521556825099,51.26203370416889,36.11945571088282,109.437778158669,11.42707480020489,-52.421731825890674,-57.888379856124146,13.708787641022388,-27.116455526447837,52.06374048650477,-61.149328407892014,30.19793073498463,-14.80398547273176,23.885638392222333,69.16083483240243,49.53202062283979,16.693044918301077,-16.49185397564554,39.30135851110439,64.74324029660981,-60.205638340730474,12.3130437195307,-37.15660217422103,-16.187237059245216,58.22490913222218,0.0
0.07735064961606944,-59.103807407690795,96.81697428939431,-59.986738543918825,-129.26454751456936,87.67811505853949,-45.92046424861083,-42.89276022952781,7.934264620002222,4.276723588803457,20.641697556098435,-32.46779229332908,-62.46791904863496,102.63312847363923,60.91436643989808,-68.197499312962,42.16020498224484,-35.01765949082094,10.30234251808781,-51.99349931783108,-32.44168826545828,-55.74315932300245,-10.854393853719529,-16.943007196907935,-84.5009195177858,-82.27557393233297,-38.77628081591824,58.45129006573459,-160.35084193402187,10.86278838914124,13.42468261124375,20.333419197405284,19.621159313479847,-26.757497932316454,-87.26950925721361,-5.680578597520417,6.35408522814584,17.75931475173983,22.78387407144613,-12.718697676140655,86.30203220494735,-10.576612843724646,-85.84794459150393,62.18393391288191,53.8887514840431,-65.92945709499466,41.981900318866536,-59.11909886903722,72.5503955346234,33.92964865564902,0.0
1.8240034066690958,0.4811892919190855,-0.9563465262460761,-0.4971822926358166,-0.4125094734661734,1.3756818646749662,4.122682464677545,1.746173069564458,1.004252255684057,2.0344221836861283,0.26772268615401384,-3.536892827664372,0.9809259410758101,2.1887054375612314,0.3522840125061202,0.5232893364540935,0.5141906241847647,1.9213226594476676,3.0259024115638145,-0.04016891129662537,0.9905903476301796,1.9753142941706388,0.11687581285280887,0.45437501582504375,0.008264946840110638,2.0353563186341574,-1.2479059198187912,-3.7976735779702118,4.009106383144231,1.3648926966484969,-1.295686296716949,1.3872756599625125,1.2102030313665535,-0.638697337931645,2.55611285814565,-0.34039503810931304,-1.158599016714158,-1.4846069172628265,-4.433265118237966,-3.4883740880145897,-0.2505201323756746,-0.4084472538982464,2.951119176870167,-3.3667494693984166,-0.5008798997543806,-1.0534670593662847,-2.7810970191591986,-0.8499836920828184,1.3973996727281512,3.6267405125249237,1.0
-1.125172666379093,-7.435564812145954,2.6458329955446596,-0.9056128828293333,3.1628051482288715,-1.4251936164305006,-2.6771555490762555,1.7487402636541651,-0.2674340286826033,-0.19707951112415942,1.7765087214764854,3.3132290567271574,-3.270539634840005,-0.20814697616962188,-1.426650474370219,-2.4612753545456707,0.23902882415546728,0.12868714649516105,-1.7611578851306875,0.5858620633072356,-1.7177982592200618,3.0421570478029922,-1.6731288083384093,-1.3883654219576453,-0.8454805289298194,3.4323420143460557,2.7977139997181966,-2.29154607819387,-1.6159344736437722,2.1405495398244136,-4.646148975605426,1.5194242919042618,-0.8350801428958304,3.4458211500059512,5.9156171265415525,1.7332882532785858,-4.862551633642303,0.05718661342284103,-8.92993305031403,-0.36051398728918305,-0.9221715376014424,-1.9929758330601632,-0.3801506833904152,-0.3381777717850138,0.53807749527008,2.29034760804199,1.991505610269237,0.21179060079152748,-0.7841654742855586,-1.8491269197209532,1.0
-0.3565863089005164,-57.75361832927857,26.412642322970257,-27.05738090616334,111.41893038566707,-85.33486148189807,-70.14478355432402,-38.9531174044517,43.39862407843399,38.747205971484874,-97.7422619992174,26.858021538779234,15.396158530944625,-32.25252027048445,26.798651329172625,-78.80185257378038,32.5225223147535,-19.143561857124254,46.37296648487147,26.504949274929142,-125.54896613566089,-52.192969988611935,16.446773285622832,-15.257790832247895,-66.90472750886785,108.9681323288503,-60.783522757135266,-52.30710528899956,21.34609438211062,55.39581873324032,-94.04359322902509,-17.033544967550164,127.98534880218897,1.547270659625788,17.201405577443083,-52.779766740825224,-13.422355108547855,-60.935004862354695,50.321481055731155,18.825969656896028,112.39331728000948,7.764285066073144,-73.4755549962042,-21.109596808754034,-11.488629204977807,-39.298357365188686,57.48900622048352,-74.79463319402909,-95.41028799037265,72.81555357573941,0.0
9.679030421622869,35.67506820318108,-2.0095880411416815,-45.62674339936081,98.25635868999932,116.7707382421493,49.42875226314936,-31.846654947187275,-107.78709926298717,56.331616366151536,76.84222221067866,13.787774834212305,-27.75029584853622,-53.786287066761396,9.956628741859426,-5.549753277985124,-29.970860487425284,-149.7269156473557,-43.35589466374727,-32.916510656468674,-6.790543639299624,25.16397490683191,-72.62971981620156,22.39448787186863,-14.80441529743687,32.98173071907087,23.02993380818178,111.99667884182443,13.728596156211047,6.084711697412482,103.55526937620937,-44.05762008857323,17.578694789382126,-28.267682023783824,-13.656540127811,-54.84939330342623,-69.48336185186326,59.81946635776134,-62.64425278309041,3.286342279447905,-11.739062257906394,102.9665766468093,-16.054612123442908,8.00358763940847,76.89980703684853,23.458917799799078,33.865027476783744,27.21676488842707,39.88281531298447,-2.6082331043010964,0.0
1.5388092809306462,0.4108144323328404,0.8669005189059176,-0.892585383927427,-0.3595033960626262,-3.0301613826909617,-1.6285217793480389,0.13397151626570356,2.301557534440479,2.3149473017130098,-1.8625716558678704,1.6107242107902942,1.6332093915113168,-0.5436370504520364,0.4098930736119063,0.15312672118802786,-1.0278983699029371,-3.3598280930941478,3.383345121929885,-1.7279059505867829,0.2752129739299526,-1.9174365468171028,0.7363918766429012,0.9306937668785252,-0.96663357112645,-1.916315120622451,1.0256721477469606,-1.602158651184674,-2.411573240594575,-0.9474991731012525,-4.51498945510039,0.13438318080866501,0.7751218887055034,-0.6742542778907566,0.6051928931963488,0.38416740066075383,2.941361497789616,7.114349046463318,-0.5871198102167084,-3.7757843933872137,-0.22599406692804247,-3.6075853325631084,2.229401930628283,1.006541613567897,-2.377888661918748,-0.40471640351651017,0.1326159040189604,-1.977674136435748,4.817103581263588,0.06019929087773406,1.0
1.4788159325480223,-1.1591308996966274,-0.11557925851343546,1.464133722921765,-1.8713941738141162,-1.3901541202384602,-2.177011665589171,0.5688344461730365,-0.5167630299111232,-6.160077788357916,-1.1923164483566415,0.34115355727507507,-0.8099211833503618,-1.2936280639144764,-1.1627236954283455,0.5390833814021766,0.17470954337599326,2.342368020451481,-2.6847147393174855,-1.3750646124782326,1.1565633204590207,-0.3943556131693977,-4.142318036631543,2.8334490330934954,-0.2414502860210641,-1.5899981291183238,-2.2237877465305975,-0.9333927033896771,-2.8666604223891565,-0.81024965554266,0.03319033978309872,-1.085936978560809,-0.5222799324819576,1.15212412089454,-0.2727075628191204,-0.07929656186604016,-0.4619359855780645,-4.662894381340839,4.3643813263458195,-2.5260751753733603,0.2908284898136864,1.772032910402429,1.5645092963720242,-5.41095961552775,1.971719209530684,-3.154051589095132,-5.891765261018851,-0.25845115226353443,-0.8260396103450258,5.10426166274563,1.0
5.060185807327683,12.860436335162406,41.115947230335976,39.93832288927332,-17.474873850549823,-32.2731960383309,14.446558123757502,-4.747547018535928,16.44816669359296,-21.61493989129245,-25.30401704046218,14.530297661825902,-17.30752075626569,-75.00051884394463,-76.67711070148921,-54.51422795780985,3.0433288728881926,98.54262029573427,1.154354853123329,-32.76353880782861,-17.211787063020292,-54.32977538391144,-2.517558379555514,-0.7024892682630752,-30.470837318984493,-49.618221650345085,13.004165228798954,96.78362232527212,21.196770778817072,43.541198699464125,-12.815499332624798,-72.85584478882201,1.125518387891177,25.02027493112245,-25.60223247932409,20.401065069491477,58.33065130434298,37.140137264854125,30.955605486996106,0.5528952361191907,14.225450834474817,41.94611160956845,-47.82806156961415,-127.09542338688053,19.072809844395376,-30.2975554580797,51.93320185630859,79.81985128501711,6.4064932543129345,62.48706041020434,0.0
-101.25979029527885,7.062243227865608,52.125957557081804,-85.14112581370726,12.960524556517946,100.55440803688555,18.81142267749709,-27.087244132301596,-44.03726458105177,-13.701621908830454,-11.461369886280266,-39.643452339794955,-59.34609480948534,20.188571036069444,1.1287164420444808,12.155416543872164,-76.99215579101741,-35.52274738988794,-33.90230590148133,-78.50554334235564,-8.908780660824409,-28.738958322884947,53.04522895257679,-39.61900400436806,-94.65672084506087,-80.42975337688713,57.55719886570661,44.468420789820264,-15.11321238231428,28.066191559795975,39.50334343551986,0.8044794951583003,-30.922389119339574,-122.6907840355534,-31.787276107607436,-25.588259291766953,-38.370553676615444,-65.55453359267514,2.0339571243024506,26.905023389256257,-22.984854016413205,-24.59354182698317,1.7120196743731178,41.572055445824276,-90.41418536974446,-139.9941978163134,-4.512192683576506,57.35038822388582,27.367988255682697,23.428884740757965,0.0
54.73171404273992,16.421936286626075,-118.42268173806822,78.89049354502953,-14.79177237850374,5.521484171330137,-27.716418237861745,52.65287522715327,26.11447943947983,-21.31513692810102,11.625078446126963,-55.42680767053214,13.246799799195529,-3.6502033253676562,32.443402492554895,75.95801394606393,19.81129587658217,11.386644961655657,29.35294138115872,13.37860246427205,66.38150861329699,43.53352758848188,-76.96347581806224,98.87056535631005,50.61989115200503,43.6854188114456,134.09863999259755,44.274289912899036,-63.770468269399,-44.0669790071571,65.10547794377347,38.83905849771096,-57.57810547229945,-87.88877056553972,-69.10080953751452,-27.879809637841277,-29.18323892007683,83.89494275671348,-3.278038615938112,-88.01065693386553,44.771367957937606,5.878575984352702,-117.72279709179648,82.69811720587438,69.2030987208153,2.367169826227698,5.882472179523327,-86.675109120997,-21.68100392151235,-87.77645585652508,0.0
-2.4351306698941935,0.5444177948542435,-0.5087482515665369,1.3635649882481662,1.7359923381305935,0.7314078363630282,0.06007905735242065,0.4208669400968505,-0.2772588657198638,-1.2343295468385025,0.5836358835782192,-1.9030150937402754,1.1305005494312084,5.485622242635434,0.6183374331501466,-0.17958097721827684,-0.8819082505958853,2.5056477924488716,-1.2145773155707582,-3.5874530775619577,-0.9238703120863904,1.9622705372142861,0.29847427591531467,0.21037192817012199,-0.7160136439934929,3.910293094925529,-3.2845217726641787,-0.7885061752901844,-1.1505118410232722,-0.9829244974774196,-0.5324670597537717,5.55348902383976,0.46484152062000295,2.840034483902071,-0.7980343463264002,0.4004770307104573,0.642708310846077,-3.876988453575455,-1.1369193372892663,-2.6363464605594964,-0.2354510233538962,-0.1630316927521627,2.551405704761006,1.0962581528613995,2.3558444505054283,4.937786785081478,-1.8184694119643325,-1.3184611714104704,1.4294426429549347,0.15232704347979323,1.0
1.1675518302919556,0.6413227438912609,-0.00846453592663561,0.28398209592081464,1.7055374500729337,-0.9877452938043061,0.8093430799085497,-0.5054752725635717,-1.9193078380992648,0.9287588406487829,-3.0751626792560387,-0.4158054426888327,-0.9045640547081825,-2.9541892873084694,-2.29586542445865,0.25427292637367704,-0.9245309217521669,1.0827886546366945,-1.7035644068239446,2.0799579019102303,0.15957336365079489,-1.4713208378667444,-1.0929174745553212,0.01674265977795026,0.017057659274208777,-1.600399483772309,-2.0105831363638487,1.81806542564293,1.9860203829474488,-0.3929515041542103,0.62190582851384,0.1101308951593735,0.7262290336723876,4.208160576336461,-0.945752711360726,-0.036634055742980995,-2.259836300613114,2.2231066794891543,1.4370775051490465,-4.9934359473558025,0.29252805475092725,-1.4175145259960227,-2.469731047105087,-4.74887136268661,-0.20969792483699953,-1.4879150975596591,-2.188265777959053,-0.6541630851386058,0.9523079068014809,1.547372159634839,1.0
1.3225549644098762,-2.0991760760645595,-0.6731850631170048,0.5369859300899347,0.5201380123172041,1.6926597857304726,1.602562819330084,0.17419256792218055,-2.3668239052250892,-1.7232943253506887,0.8130104566048313,-4.20394287241906,-0.7503075406156782,-5.17691155232755,-0.12333199207059768,0.8475497869604005,-0.7401221918519789,5.635254967479683,-0.8945664527942746,1.3530157845837167,1.5759050342346295,-2.662386608003126,0.7363326508518998,-0.09995613081280885,-0.7590546199060986,2.5972570436377174,0.1917140136384504,2.6389002056513724,4.036608024484431,-0.0670849480047888,3.172478399189419,-3.348291369990778,1.2964302603021864,-0.5720723869686847,-0.3407311528129542,-0.00010203554221011397,-0.5246012014727239,-1.5771994453387441,3.9991112653451943,-0.4245382173725538,-1.132089675152274,1.231399696365904,-3.629713536405671,2.5711664805647514,1.0010789602935335,-2.2282532284963907,0.8321487818352282,-0.7932327551931565,3.821449766184783,-0.15673485510950053,1.0
1.5137942863260956,-3.449405498357976,-2.054925131643651,1.9726089188918705,-1.206398948134066,-0.5787256124536576,-1.7765137778500903,0.5407692444025295,-2.422105840228531,-0.8106017415611944,-1.2633314109230163,-0.2256088329474071,-0.09896902756201156,0.2936246928010903,0.8581994294960102,0.49502500806468397,-5.183026104372405,3.2640303480921045,0.7886804849702042,-0.09967226894860119,3.994279680768581,-2.7705243671880337,0.16250726514485392,0.9338122154951197,-1.1459087343482488,-1.697835977900374,0.17187967042555183,-1.8232304981227905,0.4390714632762639,-2.091522422686157,-1.7520773694786138,-1.8585166037863445,-0.9234282416091079,-1.0964320430412697,0.2971335113714399,1.3410628908720057,2.8207759791641154,0.7068033582085258,2.6751099990621645,-4.268881473160564,-1.2435608755389793,3.7117146125620835,3.181487223030962,-4.343225179412203,-0.3239392636734358,-2.4764392445495993,-1.6735223989109802,-2.597325128837594,-0.9646809620407799,-0.5395020919473679,1.0
0.380463422443662,-1.3356517277681001,-0.8577135824104719,0.17535586438781045,2.022524009449975,0.19873113597512715,3.3617684137810757,1.9047155031291372,-0.5978777635312444,0.9500664623795014,3.472261208967139,-0.08508341215619589,-0.053153424843004886,1.4656541896368351,-2.2002769568736302,-0.14641019105216707,-1.0660006048379214,-4.271984211478285,-0.8788493974727029,0.7003537316876954,1.0054150374030413,0.7826504069460049,-1.082057963072283,-4.248357455438364,1.9895407642730303,-2.454665063703032,0.28667050685076695,2.1509243328291094,-2.7841280741033554,1.41424583913399,-0.9102348658073333,2.047325628800314,-1.8445768186482754,-0.17811202205687557,-0.3737660888899632,-0.6302108506749714,-0.11657427596823852,-0.7078560877261201,-1.3854285887722095,2.100318046301806,-0.22248494442583577,-2.843898312069556,-1.3049970728594331,5.630194739938614,0.4863698774163088,1.2013062231553837,2.701863970749361,0.036873995771066384,-2.2219141596448297,-2.1869152756706827,1.0
-21.52064133338793,-49.66419013330351,9.782609377299282,45.066993095757304,-27.697464618045476,-89.54541290179031,17.203766678214787,-19.84853949827611,40.55314385661702,20.24034216794459,80.55723182509324,26.689049940528754,-2.310518804370544,-104.11277393047857,2.79797640277277,-29.912684711311964,-59.734088391920594,131.43884797272406,-23.827350764333698,-42.08527494662129,13.474979224172216,-44.31194919365724,-38.065317063149344,-94.20790496850437,86.7792855094483,6.707237237165087,32.280239662824485,-0.2791161249608214,-75.05769993210477,-29.656325560106893,11.50985697106784,49.18045204500878,-10.16869545693514,-46.797114623121146,55.690918490417396,-22.5376402837721,24.380608807407498,38.53146465271654,55.76543800839043,-27.716013511057298,-54.33501929943206,34.945994844184376,-54.11315853536912,33.6593015381703,33.20681107108149,14.327329277818627,45.85807448911223,-13.16804739680247,-87.07658551713925,-71.28808472556707,0.0
2.273597839094507,-0.01787001796328585,1.3050024718474882,0.24905316676170827,-3.7182315056798076,2.331054443484871,2.6531982301595263,0.12547927563044134,-3.1939090535563603,-4.023250251283082,-2.7079691241720436,-0.2663887832096563,2.3220332822197425,-3.6935428511151986,0.4281075819122625,1.0292891735063434,-1.855507153629901,0.10582510681621012,-2.1753046349054577,0.23273114969012107,-0.9363298473011111,-1.0166656781276655,-0.411247829861225,2.5284231910034634,0.3566264032310361,0.028346064117255976,-2.2667276940211414,-3.886992781943361,-5.0837370103534365,-0.31365571618378435,0.1642486343959998,-1.627888807124921,0.43567845053531457,0.5576218164321868,1.3814467054577086,-0.08850619818173781,-6.697244229481443,-0.8579449335082873,-3.1271240377215106,-3.263472786078441,-1.9344687391315347,1.008853009147769,-2.0504483480019418,5.281290946334975,0.5380960372126964,-0.8296701598444615,-0.7696207045469861,-2.5534264873335375,-0.5929088859488242,6.4166099251614765,1.0
-7.658986935656451,-72.3112375490258,92.7072641269143,17.23094719647556,-28.72484934519942,-18.355793372936084,-27.054775668625183,-0.8788536608350549,129.24467832507742,-15.670741160183558,174.27845843833148,28.89721002334506,-91.02810149166118,-68.52033292088385,14.750807306544116,31.35912107961196,-32.95531202793907,18.333253834248595,46.40281515052859,55.77381069004021,-40.47516503066133,-70.12977699607677,-45.762874687285674,-5.933899482753759,-27.26677288610016,-49.48502404908393,15.504085279464402,-38.71696561178516,-9.54533740895477,1.873539960438959,10.173046457934392,-42.655737820744335,-78.86875306758802,73.50472751127388,-8.18405849473293,-95.0054201248432,-14.618493723877297,20.059878662561175,28.922116804153507,-54.698094337303694,74.51768005492265,49.7061425119901,-103.56551779062586,20.337376608571148,-23.414795293971533,-12.12103719346157,-59.693872431067525,23.722086689582632,-22.092628461520356,-2.811456190080361,0.0
3.0406015052897453,1.3818678791637757,0.08382439440292756,-0.12876353909461397,1.2115841648212538,-0.27490188526958853,1.1497505097250869,0.8243465120019544,-0.10691387027671259,0.9740514539603384,-0.4560765473606587,7.4483814049954296,1.6869775596289849,-0.641541844892732,-0.13096219211383248,0.2687812700118291,-1.4691997525746734,0.5216726812982113,-0.07363929260537003,-2.4027358663354446,-1.190907422515987,0.558862438335708,2.4970077492222242,-0.515014499516882,-1.139783283435654,0.1633760990216964,0.9740686469515946,-3.475091166179702,-3.7831228161223542,0.423437004366782,-1.9842644917359002,2.245064882695216,0.1372608228260783,-1.5843213482521163,3.048416334727498,-0.2133031464521739,3.553063212594322,-3.5556746286513494,0.5273288409642486,-0.5270915083051553,1.1647435224798741,2.4058024221812055,-0.6480910937166958,2.0514840622836767,-0.26626622186796756,-2.3084569075643526,4.958739617544695,2.2770921751296243,-0.8469052216492229,6.747756145301422,1.0
2.4808070651101057,-3.662877640197206,0.4582403774164403,0.23542541149883828,-1.626727108308371,3.3519613186232973,-0.9062353903351295,-0.3364259153474946,4.538422814811977,-1.4881841981489645,-0.47923557407281886,2.119249499800186,-3.6363475944951897,0.760427447665647,1.680793009133618,-0.1958914937238015,-1.4446248492994014,5.01304798189256,0.4493831054610784,-0.8061306468982161,2.5271198692874184,3.3608962167285092,-0.43158225165256064,0.2270611345580026,-0.670366496986156,2.2124695553119884,-0.8700406114762173,-3.5113952378706244,1.4597960854675671,0.063815989323707,3.8863572820593295,3.7558663765145504,-0.5418424441076124,-1.8087105009442739,3.62166857443224,0.22634943069207453,-1.2599519832613564,-0.605050549281099,-0.8522741728256049,-2.3423245636070757,0.2828112449713346,1.3878077077029207,1.4948841713067516,1.25015120845579,0.6705104582159664,4.528542814386622,1.3535081984671602,-3.075678828835112,-3.5818217192010113,-4.64943960875584,1.0
-82.25215619069145,75.3492422140933,-135.26671712073207,7.170744267257994,19.529535723662967,40.45393752519497,0.6841917699747063,-140.69687662411548,-70.83876868451738,-95.60316814962141,-10.434927707037215,43.91264191839571,52.45147080990983,-72.4609692178886,46.02677782144721,-41.66726355939498,-27.802553743747165,-41.19712166072831,64.54097900725051,44.14644222689443,-94.31076219739634,-30.80593754482045,-52.82037718063566,-59.15408758495667,100.13625524201508,-5.491040935669128,-30.274620800771505,97.62574474650249,-53.694412868080136,29.876196838710506,-36.14430654933171,-17.726213406298147,8.531108067935811,29.041285953684728,34.90283472013479,37.598314661977604,-20.84627381196292,-15.654629751196637,-56.561441052778676,145.5589277656944,-49.735071279966775,4.9841283824581755,-24.612507356101432,-54.04811573536878,-51.83771846589121,-0.9043199562916511,-25.591287077131422,-81.40045165358558,6.819421236504758,-50.07359722631621,0.0
1.4927508387473492,0.6095385283926175,0.619166870413232,-0.6855333866642184,-0.9935005171314186,-0.5855740416052528,-0.8861335602179686,1.2274870934593238,4.176026280707597,3.6060136909210425,0.0022286820102544545,1.3595977848203142,-1.272094052039438,-2.640181735991539,0.9291273617870657,-0.8590325983769336,-2.0426416302054804,0.4890955665772533,-0.6966949375937675,-0.24494070190514636,0.9076277902900319,0.3652486137518907,-2.3580174997750825,1.6507681959754266,0.9138313114275339,2.6431303150426193,-1.8346613202987208,-3.2404366765065746,-0.28153558262183387,-0.7778205244967129,-5.767791322547215,-1.0455544495370883,-0.5487798683679413,-0.05842901783629427,1.3047298571020314,-2.683366992684245,3.743047328157143,0.6754094410214461,3.5367965031835977,-1.7295351880586416,1.4088923309695969,-0.05013659770957752,3.322224579403813,-3.1090761755138168,1.0621044968617748,-1.5770347559713516,-3.1530779412831906,-2.728391806895464,2.0540570913766367,0.5873279585194356,1.0
-31.767399294992323,11.903563227535779,-33.52091264189016,8.912301793695924,7.416973997105226,-59.653606906114824,-7.18105020114848,-43.813161864000904,22.254971619171705,49.06786776798853,-49.407664471994565,-9.229297160098572,9.349332402145471,44.11960089636785,55.273462085300515,3.7096826679947412,-19.164098363578507,12.751168004521052,85.03924380684322,30.57940092098734,-16.013816793168377,-13.323801995498336,-34.423112066855936,-96.67541611246243,-27.418551864789084,40.21050286816235,18.046634417749782,18.34356248176584,10.785119758297377,29.131995816475055,30.023884562364195,45.9163764479611,-18.716403158581883,-66.69126904345373,-29.6877548827921,-79.3859599473358,28.86916535897178,63.95418867981094,101.89414751445435,-37.35872012026646,-1.6794604755748357,-31.18672804426037,1.7753447617440798,-39.33876056519835,-120.28407493681753,11.309605056014767,68.30170375014242,88.0808494460363,-2.44602679422091,-21.8217156963292,0.0
-45.76292146954998,-21.340831598325174,87.91227492403534,79.80433788385892,-16.00819938301553,57.19744879515439,2.4057949110599077,57.40524654847286,-4.3175601603542,-27.790800650403988,-112.49648434038319,-10.739609760189328,52.350386887780125,66.05665718187173,-100.12533299098791,-69.01163487465399,-47.56081071002111,-12.495120479293693,-23.53889415377207,34.977822370404624,-10.541649091944116,4.517073135805193,-6.884115915132893,24.793906324503695,-14.939875489487466,57.50267627861689,85.98494145627873,15.79953674516241,-30.407147740270926,29.524827895238836,77.69501458353234,-13.574881805522825,4.3173188849248785,70.3387125022223,-26.95750086090009,-57.6562988513862,34.3552914183023,21.845529826077783,-6.104687226045468,-47.9247670004044,120.47280926536635,-46.43921643569933,101.20439400639725,70.46063094947193,40.28925479832332,15.619383234675638,43.730470061900064,-50.01462188389248,47.214993247069486,115.809309359179,0.0
-24.15083192138696,-8.406724101297113,14.210414849373866,79.19224701226169,13.656910777222436,28.257865188879894,-85.0747199043009,68.90535912665196,40.47759716745796,-66.62741380832034,-18.33886557412641,-61.39013165686994,-13.23701764323069,-51.07977022475034,53.262421960285224,5.565065917366336,-17.95121326248995,138.67113347582637,46.998503448217875,-29.622685997521955,-6.139836075048755,-45.45466193575652,-60.24256709571476,33.31259220527388,2.27879672930254,-38.37110230366237,65.78230636918832,26.160601500560304,51.47708662083002,-5.092999509795532,16.733335055320964,116.8191857718179,-52.9082191497847,-51.742118023741256,-63.7636772375005,-72.27282346490098,34.71544486317995,-22.538434240401273,-36.57428014013372,-9.275511708817547,72.86678000857137,114.22173718140199,-56.3636988417393,-53.44348234036354,-54.15469450582123,-18.251299649545633,-77.45280939838668,-45.137944062421624,-13.903037720334364,-21.806835747061534,0.0
-2.347668743182376,7.285588057284127,-1.028855810845756,0.8140548836246465,0.7814910825034804,-4.0456151753142,-0.22503708288895927,2.3821989926837333,0.6081829427315534,-4.383644210083098,-3.6094474819857263,-7.365849107397824,-1.9179734366921535,-0.1349932158295212,0.3184253119982011,-1.2223864274693728,0.04717909111308044,-4.207102691848376,1.6185006339790702,-0.5294896677297676,-0.12824370855197623,-1.221502926820953,-0.622981330564091,-1.0964547960447664,-0.5419199454768938,0.7587824042411775,-2.4232399529011226,4.4644961260649305,1.6513573749248187,0.6323663386564122,-0.9552510689494884,-2.2456418718410815,0.6310685015116834,-0.5827065632630468,-1.7205243446555696,0.1605581749632759,2.3971261401774258,-0.48042991774132365,2.1001807504367775,-0.7231940150651858,0.0943522116189917,-1.5109019153332877,-0.1168980906428938,-0.765164291664748,0.4598402982383281,-0.7179832791917039,1.0358910923589668,1.0686882630042085,-2.067426441045007,-4.826399962586187,1.0
0.5168307922301123,0.5513270144121954,-0.956489524391873,0.2228429123425683,0.1424761786354873,0.4661390991224652,0.9511930175103439,0.2127064076619967,-0.11496845030502884,-0.30905237778156086,-4.287795548548272,-0.49847565458248083,1.151507460341385,-1.634321042551951,-0.95889617133427,2.537267780227023,-0.6339958533653649,-0.6140909785049885,0.23720566484606206,0.21440290388932795,-2.8573564217803007,1.2726837538881806,-3.323151489991896,-1.1581372812257151,0.055998707483541035,-7.922512034228832,0.7117441438237525,2.1129197780503013,4.728804678619698,-1.0692086009211976,0.836431198880693,2.4395257879352257,0.9195367577416086,0.7008643776815873,-2.903741935499128,-0.3235810375746767,2.3292325448458953,-0.7520391637959377,-1.8094180858843867,2.962444673879949,0.08890370870411131,-0.07590353519027002,1.9617046368469986,1.0549609187198867,-0.23865547821574384,0.21842584359726236,-0.592018535145067,0.9653981478895587,-0.7861384315961686,4.624760595756866,1.0
-0.9657517481482488,2.6336948841032863,2.706162366719548,-0.34879814300892975,-2.6547349781026024,1.172340663950713,-3.2843887862366192,1.66460855704914,-4.290859270627479,-1.9920567840504806,0.6449434039880303,2.2378426423297353,1.5453943384282276,1.7860500253791025,1.3646396051415328,-2.0402668193398212,0.6749657968742894,-1.8530213805032696,-2.681685345962872,2.1127164325157457,2.4326625466772764,-2.765788400491587,2.3581668344641837,-1.405950018637704,1.1279619737424742,3.8413887641494466,4.532084785243459,1.2429298272699392,4.8833236206498745,-0.5368806546586342,-2.0927053011359513,2.014261771466315,-0.15505895207470807,-0.3089074787593058,-2.2268760684384614,-1.3733848063178289,1.3857893916486075,-3.0174937317355095,-2.190760979368768,2.3047620996295133,-0.7210467543543368,-2.2948058101129587,-3.0712922113696925,-0.8487647947184749,2.5324253041876967,2.3829809321691937,-0.9989262019956842,1.3378756426806064,-2.864779833371814,-0.06413921189815612,1.0
0.09361013484687636,-0.3381951415583124,2.1223452173534763,-1.0233526942636282,1.637956551272326,0.13579840354020625,0.13980750252080842,-1.5135009690954957,-4.272240385328368,0.17220865254361112,0.760514548380748,7.739647084922254,2.465311383050703,3.046607901086822,-2.8463937056104114,-0.13236115665298898,-0.4288898048265173,0.32420902701053717,-1.2537270975079693,0.593701857307038,-2.818535084294088,-2.8980579808798472,0.14230337869119236,0.5051454795401383,1.0981918362188745,2.086532705458732,0.8894991056094239,2.3273808169398333,3.480441253619902,-0.14313142997193462,-4.925256884555861,0.5832958740232447,-1.469537105012763,-2.022765341420919,2.057390680150883,2.54005196350632,0.7715453005751445,4.359616477906211,2.647435493073314,1.158948233269054,1.1105297696592666,-2.073450826063359,2.941955883402818,0.3637823216884218,1.0145935846255314,-2.057628226287229,0.1080473242360397,0.9835545911863833,-0.21033240584661023,0.6977771023310758,1.0
90.5475044743948,-36.80743699364404,-89.50220177728583,35.65845358426781,-21.572863653761914,8.274903218490653,-39.348559125059936,-67.10412089262547,49.46432280113199,24.470587385140337,70.64714457484509,-40.616877123085274,-14.659177337716347,15.595222204840333,91.86052987874717,-30.17945196883721,4.203264558209008,24.27438244926965,40.02677005945196,-16.659916765272513,-9.005057907527798,73.24246564787296,52.369036709326565,2.110340663248072,88.55973440896892,-16.895895080991252,-12.538381129362865,-64.03626845790822,53.693839250534346,0.4879734628046619,-21.111008206088453,-52.36774862964623,26.79381769755999,37.36201725798268,42.617873476405784,12.052502631207672,117.07997119450388,-4.8333888425197316,89.03441036672135,77.12713916561349,60.37035512248571,-71.25626608935576,-4.568672098897716,82.7278856340696,31.69491467828137,-54.45473513965449,-3.291298036607742,-48.69594787923511,-49.8954671198229,-50.20217616608989,0.0
-3.8000101142784604,-2.9345186116566553,-2.8542178682095485,-1.1580032818514507,0.3003984552109009,0.17307506327640387,-0.6291241125613427,0.21562446200092628,4.466293901970921,2.5486885342044263,-1.471241345212148,0.1755310433135126,0.06208621453055985,3.092371378325575,0.7728832137218412,3.1278126722629094,-1.1517350834351388,1.4292752225003875,-3.8087868146942987,-1.1748003985489237,-4.06756388511315,-1.3273420487012222,-3.0923588377709326,-1.7266444540902137,0.690931627125648,-1.511878402149385,5.742571431710896,0.5603798300791886,-3.5410259170443683,0.16647530935145763,5.290184659968331,3.0601428155920964,0.892536006883158,-0.6278052611295094,-2.8306752131856165,-0.9504401255471449,-2.960166324493982,2.2928473107330616,-0.21464985375621182,1.4962301059836192,-0.15707963117544219,1.4872283440181806,-2.319545556782149,3.8168501603915095,0.033311927902279936,6.659244399897257,1.1457526014573107,0.6701092050955071,-0.5426969595539661,-2.5367053551085896,1.0
-48.67707426416168,-8.703794094386312,-68.61417597010825,-59.893986377923255,-1.4677825606757946,-96.30876473387298,-42.57290365203927,54.56660483438434,-64.43480747163674,-37.31320918975377,114.84711646235665,-28.970171072408625,108.8687211043341,-28.279228611271854,57.48153868000591,24.394061996285753,-116.10665046577807,-12.665076602036645,-53.378994434461795,5.369147335133716,45.95520852957692,-115.72446341155103,-22.142655913089605,-67.25962984004954,-6.6896931758629785,-4.757616856929189,12.200116715023789,-2.266398706471858,9.985380903955424,-21.109016430937153,-48.628499621890604,-56.24275097363839,5.91311381973455,14.45442028402722,-35.85881498894384,27.798598147791665,37.78500638764375,-46.620127502605726,39.344133909767024,2.383503111758299,40.13000896628582,-60.83939191186179,55.89623507890198,-14.662032127267011,86.65363015239839,-103.78080390294664,-16.684205192439716,-104.37854837228288,111.83843521336867,21.998826653916254,0.0
4.056776979415118,-2.07725431742698,-0.8115231372826636,0.5558586743149748,0.6836836545618269,1.6694157725945276,-1.4542501624688196,0.8710922368794024,2.0304836874416425,-1.464342357037041,2.4743441412366347,-0.9521913094091373,-2.1263210189638047,1.8716037870360462,-1.095835075814451,0.34203630317624356,-0.9238739272145459,2.4849171708935125,0.5990779368965042,0.5760733459679481,3.167373849542846,-1.3055416965382818,1.5280386593942814,-0.6872391266325109,-1.1602439926037844,1.327402612813506,-6.424072132490288,-1.607445461350643,0.78309275041204,0.5031276135648511,-0.6312199156159752,1.5668546789820856,0.1976231203736673,0.9210820779225183,-3.019206122363364,0.2678288565548232,-3.178051645870603,6.078219081458937,0.5004754791869159,-1.2479990675628836,-0.07591748838666586,0.416723984263177,0.9141775189601362,-4.180271791918482,1.338998296069187,3.5891680103503893,2.5104455308622056,-2.6497838493680197,3.9909428260627,-0.5410998450818382,1.0
-10.73333150307663,88.76090652045427,12.165745370532866,-33.25141830238257,-1.0038063454736372,58.509236000912416,-88.1512152888463,-8.221667489934475,13.484355589739778,70.4821129888583,-40.91402899796609,-53.36486755624172,-19.29630098521779,52.284967015221156,44.24301263762767,48.6215492449096,-62.34697718071733,8.20242766395015,67.82671320680518,-92.56903720130086,13.42434983692047,-94.43702412970254,-10.96841216431627,-44.822853473601626,-42.90392571175439,22.20023770745446,-41.0593332498445,52.457941575756706,103.34560928365434,40.79413825585216,-31.292504890228265,-35.11384104381685,33.40038261616121,49.680493433486184,-2.495885413010344,35.21313509627121,-9.139921046092509,28.325200685961995,-69.68048243639674,57.73880207267321,8.241403063554166,-54.088222171385354,15.158119984252219,-87.65982561440374,128.94707852414774,-41.63980082706239,-55.475726121918136,-13.429945426794934,3.990193122245085,48.993953576512126,0.0
153.87282599988583,30.28158587177717,1.1447349600879222,-77.05730082774734,99.6468819699018,-51.0717010283415,76.88790330378058,-79.11470888605729,76.2908395739748,16.021108530467757,67.68745980957945,19.444106809157052,145.20514880769935,-19.99769750096684,4.026516212019641,7.16885894621647,-76.76913945945797,12.208453558547658,-71.62530402350237,-61.232631407016726,92.8334854807132,21.96794209396471,-12.04917525579974,28.383902988405506,-43.15448185682116,-36.27804756882997,-10.922145476767337,33.5428598263802,71.32567288669374,19.289171911044566,64.20674813572164,-45.83835182071361,-13.077526555438707,-55.85376911080949,-35.409950042390136,11.679695340610802,-2.5691555012155125,80.13196012815362,75.91424872316729,-60.70460484610368,3.399244635622089,-46.69028469072262,-36.819813930232094,31.54395985123129,-79.78635791883221,9.981260909306364,96.12106632972227,-53.747439409295346,68.52955054265762,68.31330048780237,0.0
-0.31502462970461537,-3.1803813983781146,-0.2789415626182137,-1.0618813591822063,-1.2135662892818075,-0.16512056947269882,-1.0147237881774342,-1.1661072948005298,6.179374453643017,-2.059056935595375,2.5354368730333956,0.5255536783743264,-0.8310047890252596,-1.8431164942763072,-0.16782499407539128,-0.8136740013954954,-1.453903994865867,4.0701104195723765,-0.7004128301659477,-0.15055692682219346,-4.270019858360401,0.2585868962557457,0.8315475964488043,1.9969380287313474,-0.32869244106779355,-4.569358413534113,4.265187863730605,2.4177189168570044,-0.3535584788261014,-1.0474686453404138,-0.9036393262660061,2.0024717726964467,-0.4872994746598095,0.599030847474891,-2.018467547916039,0.371955551062329,3.029924985976697,1.1880942474921372,-2.017102953469397,1.8613925121221224,0.613724462516497,0.11484808693565908,0.20546868178618338,-2.9177673610435026,0.596964067665466,-1.3277847890671446,-0.3153678476513667,2.028066411987596,0.41424415087583777,-2.410208985243837,1.0
20.03966236077662,45.3447443990581,-23.89956469395676,-45.49998747427597,28.22595775993316,-76.64594180128157,-25.32023690733851,4.5030019341711665,-26.67013205269076,55.77611725096211,97.3985062928245,-5.684092041847868,33.55227400826531,-52.155460282965,-6.338213544817968,27.882287899088595,4.220772616403485,-27.629639483035042,-30.98098878920019,92.37755379330648,-58.552949358501834,-28.009502570688326,-13.712500438859301,-59.45194287597454,-18.458196035511467,41.52677857047594,-32.56125580788424,-70.66393499353501,-13.329006015115645,-99.53422429785886,52.96111369904888,-24.78274650282604,-14.586527968636545,-41.78661030414933,8.830609720946965,-57.54945644931166,33.01083440181432,-55.825044188758184,41.00395465181026,-34.487764841945356,-108.70668632511294,-69.48439113721663,-14.282637314024988,18.501006031379802,163.49190997515757,2.171572546036084,34.206740199546196,82.74977240160189,-12.22700131880682,-25.988529659016987,0.0
70.25451400266995,9.179442714390461,-15.032703174946898,-95.4779862329489,-17.936532746123675,-49.37045904491474,-34.58117086049375,-52.463039708606445,11.180024799254639,-4.322074059182872,94.14172926015922,9.103248605775217,-125.44560056101895,22.349379623972744,86.13123009485456,-44.22865245511201,23.938300231532793,-45.811560850422346,23.429308201071997,-22.118845862767653,12.870755206542865,22.70223078366059,-29.885594932174296,-46.32759234444631,78.93107868048398,9.127954788646552,11.683118100573244,64.07568462803275,-8.542241058434785,-17.16247308325614,29.531395782904784,-59.33071658924284,-10.039980576857392,-96.016504682468,2.484959009391348,90.1444278652983,-98.67002799724958,-61.3100265001883,65.76252538114494,22.421801864101187,49.84012872354785,-68.6309609211795,25.33095333310955,-15.315427282868765,29.07813973722808,71.53480875161125,-17.670945961323955,31.358842881465073,-29.88726729732683,-65.13432384979266,0.0
1.8880066440571968,1.6206880312584238,1.31860238474097,0.21066648033305946,-1.583061760848767,-0.30806840972757477,-2.712707546559598,-0.7469816894206779,-2.0280395033210463,-0.9860297554439537,1.998533847231941,-2.4581440355042474,-0.7317602255697908,-0.13916770370340975,0.10572715477096219,-0.688450583096219,-2.3241878162044927,-0.3346376298353382,4.479586747399711,1.853068681885029,-0.19434002892759453,0.41036436020310163,0.7488589326613033,-2.825156090742873,-0.37325668105345733,0.603321518438602,-1.830929378899518,3.801177845447068,5.066717756036445,-0.01665381009623261,1.6686757714679834,-1.4575373226899522,-0.81286112198008,-0.7365761385778468,0.5984644869984342,-1.0624990497816407,0.6263040962897274,-5.700366346002066,2.8981364122934643,1.4744968954043367,-1.313701766981518,-2.066489085895511,-0.25692536289885926,-1.3183514881583744,-0.227678801886938,2.575777961036404,3.7266537001967603,2.7750778371728293,0.5173215355475329,-2.5699408387329687,1.0
1.6675034640029542,1.3513829232855918,-0.08788590226433901,0.6896778035779495,1.8156655410030977,1.3461920061255386,5.369721971945074,-1.8703166260399358,-1.8551255846323675,3.006515965633046,0.729798674878493,-1.6103578900101445,-2.8140312334676136,3.6482438182973285,-0.05478770208835194,0.3468478783745095,0.9288718741195656,3.0876252336697085,-1.624199385171104,-0.07330375330824614,2.4050684123476884,2.5915923049480845,-3.014085591901631,-2.9531475863544205,-0.004822769002714044,-0.16343684897969518,2.629505500570552,-2.9940875426483635,-3.7934382986716795,-1.4238365591613493,-2.5572287090607957,-4.339686136947124,-2.3438754382920854,2.867910752753964,2.2154763766559746,2.2071728853350336,0.9909418502563541,-1.2032576207332202,0.29016402902491406,-0.9472811675556523,-0.25550915395369717,-1.6405914668472412,0.42702263745201646,-3.3167260441951183,-1.6650352571663223,-0.22650371355699725,0.8075390433646092,-0.7428738111543038,-0.943892568593489,1.2196284319331767,1.0
57.19506098038063,-80.56892219110435,-15.401612499218043,-65.96917418447863,-4.215187274916433,-59.18118623303326,-97.47788534039111,100.27843738109581,-26.28177756300782,-68.38143389796556,40.03544308210782,-85.71464644581559,-65.22567137334451,-65.49378872520882,-2.7619672960429247,46.41388109097284,-14.854310420741818,-93.66726838409043,42.76819086247693,70.58270159404728,-73.00359151210345,13.258083641674181,-47.08429665947336,11.120157091220298,-87.25037079535491,12.189714685273065,-21.9962193937986,-70.05277670276067,-4.122235574944576,-69.41300596007898,81.85727703803545,-4.51443378501382,-35.60772330562867,-12.396025932345555,17.049073235765775,-33.88038465388007,61.10621233701811,51.18507403582949,-9.854907783425958,-26.053828607032376,-32.062365236679746,141.8119634554933,19.61687343454986,-44.05884077571886,69.52672574197467,45.23936750651554,38.81143400496292,17.881608883281544,67.5149661282991,14.800179247933404,0.0
0.5027030857238841,-2.8709814667460507,0.5504111791191616,0.6703083037556502,-0.1844923355966221,0.7444246805678552,-1.7929089718826763,0.5283438055162223,-8.186910197935292,-0.0852535788123788,-1.824772412052997,1.1327127673672817,-3.6224813171355836,2.68983750588862,1.2812725691569598,-1.7558560531212872,-0.8688459671575129,2.2310186459229007,-1.9506976400212044,-0.5776663524102239,0.3537060816423226,0.13777914620554652,-1.4438150937260215,-5.470158105757681,0.2513128527441756,-2.9377670488848375,0.5911966617334676,-2.806551771115558,-3.6528249973013924,0.5683571502926206,0.6330662028172495,-0.598657918902368,-0.3205107746324444,-0.439779201327755,2.7616790681947134,1.5796086236171116,2.342088857864308,-0.9745468780865921,2.354787175267665,1.2914827549557881,-0.015018174900803037,2.6482980690036797,-3.6390298060886956,2.2959164987846004,-2.5709431951416746,1.355739240875698,0.26614131817944375,-0.13584195895313206,6.459705920018957,0.9450747413712114,1.0
1.6212051548695654,-2.0112136905081,-2.9121810658466782,1.5558059190465077,-1.4412744680049265,-1.4456165922607875,0.2384596687823078,2.4533011639190483,0.868090457384714,1.985686019740284,3.5694563925992626,-3.639696694664276,1.089057969066189,-1.4080547046292113,1.208378685689738,-0.9340501140595457,-1.6489955677284194,0.9417966585396039,0.49310458936141427,1.3465602344003047,-2.351380811572007,-0.8055665314471107,0.6636062789443828,2.3695561025969973,0.14281307360418635,-1.0596697058043265,0.7916917006068902,1.2084765054977415,2.2910238367891855,0.20341271667323502,-0.560447782437549,-3.5657011491204904,0.049777284534814295,-2.115164041599459,7.137042497246081,0.3205811694483598,-0.6448657579297555,0.7176187555301115,-2.7337083645099405,1.2189772426023942,0.25701593975617304,3.4133315878259993,-1.8602056366651827,1.2345914008663323,-1.3572329191033623,3.1843518265314867,0.7141965797895357,-2.627614379889172,1.9038192000542207,-3.8050395220701687,1.0
-13.774058313789048,14.147561697331504,67.73223296469584,-70.26936626197852,-40.76273798789623,14.544643328945757,-15.622474939089772,62.23692517416112,24.293480161710676,-121.37591282538834,46.92876747972413,8.225053344421424,94.07252939664025,0.3114171241959331,-18.35113641036884,41.48863362554024,41.06918208060964,68.53915760779502,-25.585212290903222,54.64914933000112,107.04347946087019,25.083440941233427,17.871485909278917,-14.663750528099094,-51.660901163847264,-93.38286486325727,-16.986146359508492,-149.6093280947748,47.61975082881612,-50.21640492426858,47.5792112372755,-41.96320523497303,-68.49792014317322,25.33536580178764,16.43473560427053,77.28170675134062,-76.58049770280454,-118.6396642799431,25.452704391777914,-67.72249449781124,-11.218256027028126,18.958557216831412,70.34318844737047,131.08952804586642,-30.65463398412946,43.13370223398568,6.646199427847138,19.619743060721827,-89.27287192406455,49.416593929424565,0.0
-1.0193390299725,0.2525638457609041,0.3692342220013094,0.5333717535703865,-3.233207472875267,-0.7072816991880727,0.7732052469283837,-0.9773045510627998,2.0865085342401923,-0.15946511109156442,-0.3459925164083364,-0.1704570235021596,-0.5610476437106608,-2.476600055010937,-0.3740414187999514,-0.6078573755893448,2.0631345915945136,-1.6843846510213392,-0.426936482349496,-0.37683654417523876,-0.3720627427630697,-0.6586387325663394,-0.34217909731825946,-0.45920528373646435,-1.4634237964872026,-2.1220285626157427,-0.3390834046108115,-5.50105754266663,3.6732133017545365,1.3315403923767033,-2.235345803376796,-3.882667204660145,0.46619066560437095,1.3088345341489036,-2.551293082218573,-0.4505674179077148,-7.771069312417947,5.9913257903545745,-5.730896278194777,1.6842593482639756,1.1540288658230118,-2.337101666464986,1.196348510408358,-0.4428291971072889,0.7505739318509304,0.23201508273212157,1.0230587923981649,-1.1346449851896276,1.0654270456670438,-1.291909056848003,1.0
4.406050865131838,7.825365107083676,-9.509909377284453,-27.59818721914007,7.734926409758795,-18.633446865257334,14.143847656227937,18.01411859082309,10.16882483759452,-18.88667786679647,-10.8691695794234,67.8865880398561,-15.752427929164147,18.418356689783767,-39.649909482384885,-103.82828074727969,51.30363199165383,-139.92253426072364,-18.905149782650565,3.451600067863435,59.81401315219134,-102.41005535023491,-50.89168758520085,18.30222726423227,-40.99021415157523,57.29209637929989,44.447801391913316,47.14632221873485,44.937796887754416,-55.868875292890905,-23.72772979967921,21.41778598722692,11.309944197265068,-61.44773961203331,-75.42320936215333,-86.50959302178721,-50.30496954718533,-54.995712382826945,12.047348548017405,133.6310020000081,41.55313168370397,-28.07425810191859,-46.7730628833594,-92.0743527704195,-86.41862954111288,7.1090291371216585,39.78272160080272,-69.31510477190984,21.871427484527302,1.4955321866453362,0.0
25.17474770912589,4.465765632096645,29.9474901770733,15.882979916709985,95.52329698900053,71.57820344608898,89.31904069431309,-48.84886702846561,-70.94074847169215,31.611491276756155,-7.843030052334585,-57.49522101996206,85.40719186903902,-19.782730763653458,-42.14325643867003,55.474618884580465,-20.028260102758217,-17.177141871750546,62.87241666708258,-19.222675793334716,-42.91694995116322,27.38472590426361,-0.04462094447446083,-3.9554833227565767,82.3642114844333,30.988043155164355,37.76440375271956,50.572264668278024,-86.04027065376123,5.686051878373433,22.012363858221473,-6.1355531262438365,26.071965797473574,-26.03113022243071,-114.21771331506726,0.42496814186552984,59.378895280444894,2.643836511366462,10.909121168366587,-11.301440539249125,-33.528411085152655,-174.86169023177584,52.849292744733745,-74.87911044550256,-28.59948168547122,-35.56771636701105,25.834941160624226,8.108297746464162,-25.523678177312092,-7.151610006342159,0.0
-0.6469798226089789,0.040517239116951986,1.0956946119734094,1.5812086206845377,1.4462320551886507,-2.030353863365541,-1.6133491042079335,3.031606987431895,-0.06800603565978018,1.322512479596447,-2.344277764201687,2.915357902647104,2.446548875565996,-0.275854504692858,-0.571299402594694,1.596807502984597,1.6283853255304923,-1.9368661845547481,1.6326225612721055,-0.06368888795063302,3.2775694192196108,-2.149506264990404,4.678948681362866,1.5711183828600914,-0.989653943221026,-5.239309035217582,2.9379240978645638,-1.034172820032294,0.49900842567392156,1.1749342898514814,-1.5426638378303477,4.192367811098354,-0.050450822063149,-1.5782097007923417,4.628323271742949,0.2674513051553739,0.2876642710430815,-0.5934584237637868,7.872906025159709,-4.178171719074107,0.9158334410817384,2.6732281482317206,4.527248449002733,2.624882913563625,-1.0655942218713914,-2.3818074595457923,0.46319808403515894,0.8533124334259746,3.626795701646575,-4.385723331383741,1.0
-40.44093118286099,36.313727086908386,-25.21784937883183,36.19562074888242,-91.10637656353629,-30.764885424187682,-5.167632167747457,69.88534317175238,6.029971313018549,-37.473754618223815,-18.234471858623074,-66.00470207131318,19.921427937062553,17.72159172376112,30.922778117198057,-24.52321622274788,-1.5876584378056173,18.060210063872702,8.408164724844697,-16.5672260423936,8.018100283396803,-7.912578113502454,-12.62668460905175,-26.373948858836748,-51.55569434920043,-53.175306678158584,45.099546284988904,-88.57844334991884,-46.50192748583698,11.145721359009098,-2.719962295738206,6.008663690682688,36.08424350183766,80.1726587126318,-49.21458007590228,11.289211987078364,-12.870649861549188,-71.59697113255396,-123.57883425828621,8.207308443789348,-49.80760244515575,-61.48090836653872,52.54581588701655,-48.85402984583803,-35.0319985020513,-60.95739301108484,-56.636612558554745,70.63499455351864,-25.55200782720377,26.111965512508522,0.0
-0.5188402914511245,-1.5431743379412397,-0.41801891670511365,-0.6220857298316443,0.46138723170974716,1.6765587505649222,5.098191838258716,0.6472254241954616,-3.0199466284562932,-1.2742162191689808,-0.2816267319614307,-2.872116294653383,-1.3556257699699432,-1.9926579690337087,-0.147151465610266,3.457200374527511,-0.10611171290449507,-0.7198786336022,-1.931309392791745,-0.806074425751187,-0.2345818625489729,0.1657290951076868,-0.13622270824816843,-0.4141542156993273,0.02576232165497125,-1.3759979735872192,4.462622302410909,-0.6580062816876155,-1.222586209280355,0.23919293352255344,-2.9001468331822498,0.43168584830457535,-1.1605569617293825,1.3119460099929061,4.009406420500618,0.8852622884176232,-0.6773460076964776,0.816206904526616,-0.2171158849416247,-0.5056357682242225,-0.5867376646957337,1.7090472771807173,4.590048408266639,0.08729299930807126,-0.12640366926766522,0.30921678026171806,0.7704937195789432,2.9269843462974383,-5.881429063237475,-1.8993866454481487,1.0
-5.6849736915491365,-4.873887666642441,-40.7433070949521,29.86558222810524,29.268680379313402,-13.133778207858262,-76.58616201129206,-10.712285586288644,14.561952078325808,91.36966158296538,-23.0978489474538,46.16123094095279,-35.40438824299153,-67.67875128622961,37.690697121774306,-21.096781427841726,41.751649152010145,-89.7736929446231,62.63550275080626,20.684670279128312,-34.850735576411765,91.36671502220388,-3.0774315159397285,-45.90485566776766,24.322258462348714,-27.593994638695477,1.9716490740694028,-25.449515407589416,13.806170448018776,40.029881896296686,-11.966631469757873,-59.65834958118145,54.111798009560026,-4.083598701979898,-19.697038387005307,-10.527222029171138,79.75767245288407,-38.658885272429885,-85.2312478301755,-30.28052853894541,-69.67821460894181,25.7003796043403,-86.96348555580612,0.6739149442736456,-60.195213660918945,16.72413703106622,-40.60832547970695,-48.364865170860256,91.49450240548924,63.74771612200802,0.0
0.667839563766995,-1.4248532808493373,-0.5246660853657855,-0.27961009620599053,-0.6640641338800785,-2.818057693991679,-1.5712898800887896,-1.3372042914678541,-0.7096634065033512,3.4293286589434895,3.3756217801858206,1.254891384112498,-2.1520083523414337,1.7894532468706874,-0.11043267784645742,-1.0093371286660746,1.5292973415304725,-0.6317461843351754,-3.5790666546896865,-1.0360703638995443,-0.37165062194563897,-0.5127943909351039,5.303543191868277,-3.830938815664708,-0.21291233630383521,1.6560217618919508,0.42859687595184753,3.302716767083166,3.0525286274811094,1.4157796769677293,3.4942998836299997,0.27581032170064845,0.8198150179250909,-2.167480890298313,-0.8867620135087083,2.3976725616867984,1.2504287605758464,-0.05951671546697501,-0.521538793641662,-0.19424679200115047,-0.24854854116476827,-0.9300059706732877,1.4991808012937586,-2.1387494132928673,1.8856054269648008,-2.6837133531248467,1.623276520894067,2.9643715515292177,1.6678036976851152,2.1031942457664226,1.0
-1.2628935925486604,-3.5485152167784015,1.081154589849973,-1.5359646749053704,-4.1294926781148344,-0.1847402612785816,3.429564867476345,1.660604283741996,2.3541905022757637,3.680631263611833,-3.479437983520698,2.5223019001501257,-1.5091876244877687,1.539384751893305,2.0111808212833617,1.4071684754610805,-1.7963865750664207,1.169934722281819,2.617688929234508,0.22211330607756252,1.587838212630248,-3.6649011485048204,-0.35447182040517017,-0.8368219471776164,0.32407046838090314,-3.8696689875619756,-1.8822600158820937,0.09036118360288965,-3.160571684680268,-1.100969231957345,-1.236982211234045,-3.7797276908247426,0.8727268606206524,-0.3081622175789093,-0.891304676881882,-1.4281097986379634,-1.3521004285127798,-0.5134380736478255,-2.4621900851343432,1.189608427965918,0.17083965194614958,4.45848956499604,-3.1139446351473343,-3.7275415995931467,-1.0300400288123983,-2.6844344770622723,0.7765125033435751,-1.228793040715317,4.497248492952483,1.5593998820248283,1.0
-0.3406156402515735,-2.4255170424046995,-1.7467187054957525,-0.24248215828165662,-0.010859716070537493,-1.9616758365623543,-1.0318141841168893,-1.7613466002337215,-1.7827337676582928,-2.9011663844441906,-0.9960606058013423,-3.1143347347366537,-0.9155064692889352,0.30481346375221774,-0.9030708971929324,1.8300615371186106,-1.8783406199974242,1.0483322173371021,-3.1009259713588326,-2.042898778287322,-2.295150946806015,-1.1235094069212581,-4.561861506048016,-3.5135716857051253,0.8504663713841629,4.236803380629106,0.9972550093296951,-1.8903457242341994,1.9696882167931937,-1.617645678983627,2.6879571119592187,1.9548252256639955,1.5849108702089572,1.869341954381977,-2.4289384970317824,-0.8111426920995047,1.5991840543102147,-0.6178350462785964,-1.42258348280893,2.829548772829029,2.061689261000754,1.044750807198372,-2.1092089563102263,-3.537212324011905,0.8895436670915647,-0.9621624029414214,-0.720328759337533,0.8696727444475099,-0.4234139567523579,1.3378934671331444,1.0
80.02365675710736,14.70448675523539,-47.03114889220868,0.11066358568596697,-92.18214281511358,100.10082894843562,-61.68636262471098,-23.968723389068497,72.49332392764842,-48.15326774893145,-29.56498519223466,-15.480218276270815,16.403047829043167,-21.34862653476821,-39.36230500017705,62.290880678829446,32.3185586013454,6.312950583734579,59.18424691244357,59.48180114498371,87.37822240447123,-42.08594403364096,-15.561311144146202,-56.90244079544827,-52.73929958332743,110.87558375667264,92.60230629497089,-41.56458949730008,64.44398208445685,-10.10261563893083,-53.92197675344964,-82.12373447602059,20.112043736127127,-5.817886659461027,4.8924590448419965,-41.41153980372094,-67.43093132800475,8.770950319962537,10.956304818812564,-12.116680690461097,-48.67632164961276,-82.58549554330077,-25.492008626544624,-26.183543758892537,-16.143138875643793,-27.63897978199276,-8.2749093999553,66.08076305113836,16.737574987650813,-49.79069814572601,0.0
-3.69579981534717,3.1385043451114907,-0.4061283751715677,-0.47508351673758403,-0.7602974317199214,-2.927599900724031,0.7477035812594388,-2.133994986410499,1.6689497733802285,2.2336575656464865,4.406927112241918,0.7802016130544263,3.8423569525606758,-0.2687260368924766,-1.0125767735883326,-0.5911463669609159,-1.3802017424922408,2.8738725691281606,-0.2775096943921518,0.42958071403395076,3.6099139679346814,2.4590554264622804,-1.1222478914205871,3.3387037429844892,-1.0399113783724891,-2.3475884154218454,4.027069940172358,-2.5790781692378855,-2.398805993171331,-0.6249593653672646,-5.268766426722138,0.02818840901643562,1.2489015297426713,2.6816440089077878,2.2345147102367844,1.3064421071561285,-0.4578198260923194,-5.330855993361205,1.2420753236475162,-0.44502289606954204,1.082289373072945,0.11667982148799358,4.22881934901818,0.8851915289015666,0.4249855879869565,0.4988145049226362,1.8061055579502188,-1.8130409336466162,-0.7084970136756509,-2.7711135990017914,1.0
18.858177526973584,-66.96147656174178,121.40078940158402,36.57630916757181,3.325359815733893,-44.58417054553193,-1.0527966682396535,25.341254235650364,-25.949783344131436,-62.94309623049087,-27.57139676144358,78.78355657007253,-0.6958280902557361,103.90780072984384,-1.8626929598892112,4.572013481830765,58.22224413671172,80.47816131345041,12.887453658781762,-0.6407035123283468,-28.596310250234275,20.840823869084343,34.40849940370343,-32.24555492939365,-48.964738390420884,23.590392706351643,-41.56284989975228,38.389626571569174,-38.7416763838215,23.17463352001375,2.9153509854944026,-62.84523449897384,24.947552689644397,6.40032927321486,23.190015770775688,32.46160778661862,-69.16363310846475,34.663754117843936,-42.00439816008771,-19.034789529403188,-55.5554486653019,-31.404742743514262,-64.27740997035346,-6.206372630825432,83.22318699036076,12.134370889708642,-55.93483782059633,-33.38817456219096,49.166873490301356,-0.1988141739590758,0.0
0.6529507034519106,87.21842266970357,-42.777539078646726,4.022283921103044,-57.52938026321424,22.563060444035486,-0.661152986559483,-55.84146684450996,15.250809899320235,-20.761960866599566,-41.73350044631482,-39.84724547238708,14.743740843345549,82.74269188742531,79.55429801633966,-80.71464525696348,-20.785185716780145,11.586486404372689,-38.76937194386893,-99.29868524245248,36.89574466326462,41.14846051778041,-64.61281641402293,-12.211437943809482,-26.506447572635693,28.274447473433945,16.826634827961136,60.27989351168028,-22.948919681112972,10.874932334126886,-19.49982812063811,-0.08508103658737198,19.494619523115333,-41.66247962803756,-159.3873649627722,48.939351497119574,-22.276182946297954,-43.52582722861519,42.75897058192725,-24.01650644328841,85.63111384618,9.489880984845115,-63.463092476463075,24.14314314213541,42.75048816453761,-30.78990640987934,22.288398209849206,-25.846963632848585,-41.38564396692816,-90.75419239565242,0.0
-1.9937797133818624,1.4477759488243276,0.9524385168275277,-1.2506184614387912,-0.2139104241117197,2.655907488520225,1.24769067444535,1.050252584476909,-3.226627198184953,-0.5363301005059935,-1.1415863091896796,0.5506942194882102,1.6376935658185605,-0.010254598426695164,-0.8940407001808711,-0.19612473311581613,-0.7496213208618847,2.604446847804545,1.7881845704470634,-0.3443778156770783,0.7538653362936683,-0.7554490561221454,-2.394714472985273,-1.8791991948034867,1.9649314846483485,-1.7224496768677642,0.2584169159859182,-0.598883169505671,-1.6797462193919992,1.683575573391269,0.8246894061830158,-0.8597643176757723,0.07991220739483217,-1.7695290508904762,-0.7243762685217295,-1.4427345452660896,-1.6466963808847217,-1.6884575416050092,-0.31082890733195956,-4.424379124043055,-0.1325011584770157,1.4890567287562622,2.4403692137570134,6.531762835139443,0.02100430313095289,1.8503295533967963,1.8364610593489905,-1.420252905640881,-0.09175808454492757,3.49154678891048,1.0
-96.20192530007603,64.95411831871459,-3.9401322490178914,-12.72557083798783,17.153337917788352,35.383207425616455,-38.36041307728037,-31.518649649638192,31.698259692848303,1.8059383238388669,20.577930415322427,-29.38053571231144,42.79781368622398,-13.798177130545861,50.5810534422183,20.248382777104823,-7.842658061812325,79.06775837029653,83.54132031149211,-17.93351617730392,31.35294617704403,-36.776722762170955,57.56034931524657,2.9701862321708026,53.580009657946626,103.79359572461632,-29.794643484765324,10.320182308597994,57.85095742274764,-2.3513430725926794,41.79504438504199,15.318197449334042,-107.01249345642279,-46.718193883464856,15.090185689052532,-90.51804358184242,-22.018952061171817,17.968372218791185,-0.40493425861257293,50.971551762233105,-9.570895533390608,92.65174764318363,-55.165490400572736,-16.922828661767927,38.41599757535026,6.5461059990397,-10.50810095248643,50.12759826936816,13.400845002157212,-95.5243056575944,0.0
31.30895683402666,-47.110312949090314,-32.330038545596395,-30.592811372385718,6.250990246593025,1.358197034225308,55.090939063684,61.81354793561602,43.48415204016802,27.955397575725588,-66.3770506794408,14.026058420744256,-49.371182673980286,4.649814117127024,-92.63446043564255,102.13919148535767,-82.9490920780612,129.95693536755385,36.270591905560856,10.020157579918594,-69.26897186137484,-20.500208971924145,7.365494419803024,34.121882135208224,17.46165980490901,-22.607282824805928,-2.883839976286085,7.678160664919364,-45.55890180957255,-75.79165885337561,-10.246684325259123,4.1293387043985215,-71.58018990376644,-12.44876271966726,22.30083671911162,-91.82344324970414,15.737447660363205,62.58169676110279,-106.8945120426528,-64.2856414470807,22.60260580940298,34.24192316957512,39.17073192458054,38.396604888905934,18.240464527755968,92.02357889671481,-10.256190801461582,-95.25275925038238,69.70532932329846,28.286762974092348,0.0
-0.778505829435874,-2.5487446324097927,-0.14871827073716606,-0.9253119867663383,0.5238672133537785,-1.308593207928239,0.50971268574283,1.0642699211423974,4.822838732872985,3.337279822288546,-1.9320974522460044,1.874872077484106,-4.131017477023721,-3.178230486779397,-2.0177769081109918,1.5985368873053734,0.5013769549036438,2.1325050470750955,0.8901074014274319,-0.5679904964520432,0.03882525911011514,4.216929257748058,-2.8998001163066482,-1.1194791013306107,0.32756258679948463,0.384239109823795,-4.703839089320184,0.43396280499136114,-0.6835530089083875,0.22473230850895584,-0.6044894189217629,3.8873793638421286,-0.5682320797531099,1.7023486682737252,-1.1583297945910047,0.30944591995370196,2.7058988101078207,-2.4892676593468557,0.8500638178936066,2.162124428072003,0.7409001269066193,0.1491474645721644,3.1954944921986637,6.596646942526668,2.427200892694103,-1.2009597268991046,-0.4658906412111417,-2.8077087436156885,0.37991330137797136,-4.086021040964679,1.0
0.30170819995250475,-0.5658473021975412,0.18417843760628538,-1.214681196236778,-0.387239317057703,1.0292589129047212,0.2803221477107616,-2.4361601774037838,-3.939916708168402,2.275851239682345,-1.988477303231989,-1.8875246353126933,0.33489445587526145,-0.7974288034405546,0.4186212989114802,-0.9960491883154714,0.563126144445856,2.715032605708089,2.9817764272223664,0.4304114024549537,-2.9693196876005175,1.2302156613442332,-2.840217363985265,-0.006479043151243509,0.28168019333027433,-0.8945717943210919,-0.2983057140829577,0.7504875318909172,1.73700613433825,-0.4776926507720392,-3.6923276301212407,1.3809733697132687,1.4356512974555837,0.6519898065686147,4.581635117674071,1.5771414098079162,0.4613769683220491,-2.2856025227580417,4.3990123423750545,-0.5196790500104411,-0.686528440537995,-0.526983608308396,0.5873499152978252,6.720392111751749,-0.8754102745117905,5.897603488395078,-2.5146544963154813,0.6242500243573967,1.9916203600201583,2.904065597584541,1.0
